origin,destination,neighbouring,distances
US-MI,US-KY,0.0,728.6242304695138
US-IN,US-IL,1.0,320.6416221589977
US-VT,US-CA,0.0,3987.232624502737
US-MO,US-NV,0.0,2138.691504104562
US-TX,US-SC,0.0,1759.1783407372984
US-CO,US-CT,0.0,2754.1345894758565
US-OK,US-OR,0.0,2229.933505425091
US-IA,US-IN,0.0,643.8464788684036
US-CA,US-TX,0.0,1865.4035665981803
US-OR,US-PA,0.0,3525.467418823944
US-NH,US-ND,0.0,2334.4822772397897
US-MA,US-NJ,0.0,363.4484052848899
US-WA,US-ID,1.0,618.5852494112257
US-RI,US-TN,0.0,1473.4038462560509
US-SC,US-FL,0.0,687.0355242009373
US-NC,US-CO,0.0,2384.2779603727577
US-DE,US-WV,0.0,428.6250353857407
US-WY,US-KY,0.0,2025.4460692635696
US-LA,US-MS,1.0,287.3859264491936
US-SD,US-GA,0.0,1977.4386661563096
US-ND,US-CT,0.0,2293.5886991556945
US-UT,US-IN,0.0,2170.1150509166714
US-NY,US-TX,0.0,2573.675990388685
US-TX,US-LA,1.0,738.8076658482911
US-IN,US-MT,0.0,2100.1116335550505
US-MT,US-AZ,0.0,1428.0390799198724
US-MO,US-SC,0.0,1064.0008568665314
US-KY,US-OR,0.0,3098.249358552867
US-OK,US-WV,0.0,1531.7491617824426
US-OR,US-IA,0.0,2238.487713910325
US-RI,US-MD,0.0,520.5397804790327
US-DE,US-NE,0.0,2082.812914186164
US-LA,US-AR,1.0,440.8757018423149
US-NJ,US-ID,0.0,3325.8744221295237
US-MA,US-TN,0.0,1517.6978806169298
US-SC,US-MA,0.0,1279.0183613578988
US-NV,US-WI,0.0,2362.0746867152147
US-NC,US-KY,0.0,521.469539498315
US-WI,US-ND,0.0,1035.9311201349494
US-TN,US-NJ,0.0,1181.634128421024
US-IL,US-TX,0.0,1344.9467710500628
US-CT,US-RI,1.0,133.9405220708799
US-MO,US-LA,0.0,747.7156669527411
US-TX,US-NM,1.0,581.2809458290939
US-KY,US-IN,1.0,322.6552282421995
US-OK,US-NE,0.0,761.5293902640448
US-CA,US-ND,0.0,1925.186927601856
US-RI,US-AL,0.0,1710.0625430757336
US-DE,US-CO,0.0,2594.527897024748
US-KY,US-WV,1.0,343.76385261447666
US-OR,US-NV,1.0,654.4603440736364
US-WV,US-VA,1.0,204.0084806437052
US-NH,US-MS,0.0,1969.621439528628
US-MA,US-MD,0.0,579.5248385046939
US-WA,US-CA,0.0,1224.9128869594615
US-RI,US-NC,0.0,919.932476186022
US-DE,US-RI,0.0,454.06717167914593
US-VA,US-SC,0.0,459.4800047135095
US-LA,US-IN,0.0,1189.9897633850303
US-GA,US-WI,0.0,1390.8849129036169
US-IL,US-MA,0.0,1509.9280752595832
US-NY,US-ND,0.0,2131.630361989952
US-WI,US-VA,0.0,1107.7968964770762
US-MS,US-NJ,0.0,1591.4147864930312
US-TX,US-FL,0.0,1834.5872916015849
US-OK,US-CO,1.0,919.1809243779516
US-AR,US-VT,0.0,1937.234816011286
US-MO,US-NM,0.0,1225.1513074943755
US-KY,US-NE,0.0,1396.0286063322887
US-OK,US-RI,0.0,2341.666353605709
US-OR,US-CT,0.0,3832.900906955666
US-NH,US-AR,0.0,1951.9719122810905
US-CA,US-VA,0.0,3586.8478966755724
US-MA,US-AL,0.0,1766.990378130856
US-OH,US-TX,0.0,1786.4585527229328
US-DE,US-KY,0.0,771.0395286695984
US-NJ,US-CA,0.0,3896.712113000976
US-GA,US-NV,0.0,3104.470999235882
US-NV,US-SC,0.0,3186.3787744905767
US-MD,US-OR,0.0,3655.836405014885
US-ID,US-NC,0.0,3155.868908096269
US-NM,US-VT,0.0,2947.915765002129
US-WI,US-MS,0.0,1272.047541225988
US-TN,US-MD,0.0,962.1927864574365
US-MI,US-AL,0.0,1338.725983505242
US-AR,US-MN,0.0,1303.8745572508276
US-IL,US-ND,0.0,1202.1395152617804
US-NY,US-VA,0.0,752.8219603666186
US-CT,US-NJ,0.0,204.45631176498188
US-MS,US-TN,1.0,437.2995448896338
US-MO,US-FL,0.0,1494.8617927693008
US-TX,US-MA,0.0,2762.7446201608304
US-KY,US-CO,0.0,1872.1205302968635
US-OK,US-KY,0.0,1188.6072841936257
US-CA,US-MS,0.0,2780.6307967063217
US-WV,US-OR,0.0,3370.6387297417523
US-NH,US-IN,0.0,1196.6630524546815
US-KS,US-TX,0.0,793.5936050707147
US-FL,US-RI,0.0,1796.4077926957975
US-NV,US-LA,0.0,2355.8989297774947
US-VA,US-NM,0.0,2374.539052037827
US-ME,US-WA,0.0,3863.363988225297
US-LA,US-CO,0.0,1539.9904578300675
US-NM,US-MN,0.0,1567.424204460992
US-WI,US-AR,0.0,989.3280256844683
US-AL,US-NJ,0.0,1411.2920042576784
US-GA,US-SC,1.0,247.5297792637537
US-MD,US-WV,1.0,334.09366950088986
US-ID,US-VT,0.0,3317.272206515492
US-NY,US-MS,0.0,1799.899389726299
US-WI,US-OR,0.0,2533.824986139015
US-MS,US-MD,0.0,1369.2629965956105
US-TN,US-NC,1.0,683.6555453533094
US-AR,US-OK,1.0,479.0198177389552
US-CA,US-AR,0.0,2479.545067437492
US-CT,US-TN,0.0,1352.0484286260023
US-VT,US-TX,0.0,2746.478848434908
US-MO,US-MA,0.0,1800.9890471692213
US-PA,US-RI,0.0,478.6637285213287
US-CO,US-VA,0.0,2363.5202780473624
US-RI,US-AZ,0.0,3546.438041260277
US-OH,US-ND,0.0,1645.1563942485463
US-NE,US-NJ,0.0,2145.0314955499057
US-VA,US-FL,0.0,1118.409350542728
US-GA,US-LA,0.0,879.5422882664983
US-NV,US-NM,0.0,1097.5854041966968
US-AZ,US-WA,0.0,1722.737472816313
US-VA,US-TX,0.0,2029.764596173728
US-MD,US-NE,0.0,1986.047386645865
US-ID,US-MN,0.0,1589.0812265799573
US-NM,US-OK,1.0,723.0796459056215
US-NY,US-AR,0.0,1758.5475582009676
US-WI,US-IN,0.0,445.09238088226624
US-MS,US-AL,1.0,234.55333192132696
US-AL,US-TN,1.0,356.9787230439887
US-SD,US-WI,0.0,890.3771618905525
US-AR,US-IL,0.0,640.549724245156
US-ND,US-VA,0.0,2138.392760357267
US-IL,US-MS,0.0,920.5236903248529
US-CT,US-MD,0.0,414.19875173546654
US-MS,US-NC,0.0,1027.7016525667195
US-MN,US-OR,0.0,2040.888950024456
US-CA,US-IN,0.0,2947.4495923161967
US-MT,US-SD,1.0,877.3031242646913
US-WV,US-NE,0.0,1682.6188784639455
US-KS,US-ND,0.0,971.04016570868
US-OH,US-VA,0.0,495.26916234524913
US-FL,US-NJ,0.0,1525.1293904378288
US-NE,US-TN,0.0,1333.8738761023671
US-NV,US-FL,0.0,3449.041580288118
US-AZ,US-MT,0.0,1428.0390799198724
US-VA,US-MA,0.0,830.663436921368
US-MD,US-CO,0.0,2497.1680466109874
US-NM,US-IL,0.0,1508.007147087397
US-AL,US-MD,0.0,1189.6309449347732
US-GA,US-NM,0.0,2069.3996114391107
US-MD,US-RI,0.0,520.5397804790327
US-ID,US-OK,0.0,1812.1040533015052
US-IL,US-AR,0.0,640.549724245156
US-NY,US-IN,0.0,989.2263892324688
US-CT,US-AL,0.0,1600.298192354033
US-TN,US-MN,0.0,1417.778959890927
US-MI,US-WA,0.0,2715.439717371133
US-AR,US-MT,0.0,2016.2309605477071
US-VT,US-ND,0.0,2205.775510545697
US-PA,US-NJ,1.0,267.5589476078268
US-CO,US-OR,0.0,1312.5942648588
US-WV,US-CO,0.0,2181.703531640436
US-MN,US-WV,0.0,1469.820782621533
US-IA,US-VT,0.0,1684.6275120723974
US-OH,US-MS,0.0,1067.6248270868814
US-NE,US-MD,0.0,1986.047386645865
US-ME,US-KS,0.0,2477.96708436418
US-WV,US-RI,0.0,832.0612482498766
US-KS,US-VA,0.0,1737.4850167672275
US-FL,US-TN,0.0,995.8672119010088
US-GA,US-FL,1.0,517.2251092551071
US-WA,US-TX,0.0,2483.314742470791
US-NV,US-MA,0.0,3778.5213669705513
US-ME,US-WY,0.0,3000.5878167795217
US-MD,US-KY,0.0,677.5860309970273
US-WY,US-WA,0.0,1169.348268939464
US-ID,US-IL,0.0,2108.667415952353
US-NM,US-MT,0.0,1396.8100426245069
US-WI,US-CO,0.0,1484.863499017359
US-AL,US-NC,0.0,820.6042879189841
US-TN,US-AZ,0.0,2238.899335109335
US-SD,US-SC,0.0,1967.0383834558177
US-ND,US-OR,0.0,1570.406779251656
US-UT,US-VT,0.0,3207.811946383832
US-MN,US-NE,0.0,715.5404592493659
US-IA,US-MN,1.0,554.0411536140765
US-OH,US-AR,0.0,974.4133981273668
US-MT,US-NY,0.0,2839.659563875194
US-NE,US-AL,0.0,1538.4719555126633
US-VT,US-VA,0.0,941.8967126354298
US-PA,US-TN,0.0,1033.0929723825632
US-CO,US-WV,0.0,2181.703531640436
US-WV,US-KY,1.0,343.76385261447666
US-KS,US-MS,0.0,1104.065248488619
US-OH,US-OR,0.0,3101.2289089566857
US-FL,US-MD,0.0,1343.457145955601
US-NE,US-NC,0.0,1916.9979500569748
US-AZ,US-KS,0.0,1252.9873045028753
US-ME,US-NH,1.0,284.9157324240453
US-NJ,US-TX,0.0,2452.550820910004
US-SD,US-LA,0.0,1569.485716426061
US-NC,US-WA,0.0,3656.057274052645
US-ID,US-MT,1.0,462.8384785253172
US-UT,US-MN,0.0,1563.0038099085823
US-MS,US-AZ,0.0,2023.5382750053031
US-IN,US-OH,1.0,228.4222425940422
US-ND,US-WV,0.0,1934.432170980897
US-VT,US-MS,0.0,1989.2826375174868
US-PA,US-MD,1.0,244.47735012641863
US-CO,US-NE,1.0,541.7869351969802
US-MN,US-RI,0.0,1929.8466177344612
US-IA,US-OK,0.0,839.1829994372198
US-KS,US-AR,0.0,726.0126666107562
US-OH,US-IN,1.0,228.4222425940422
US-FL,US-AL,1.0,732.4632447353401
US-MT,US-UT,0.0,842.5732363658414
US-ME,US-DE,0.0,865.1077132676753
US-FL,US-NC,0.0,930.449964193984
US-MA,US-WY,0.0,2910.7457007249213
US-WA,US-ND,0.0,1474.6478289082988
US-AZ,US-NH,0.0,3544.42872968118
US-SC,US-NJ,0.0,915.5700130170412
US-LA,US-VT,0.0,2256.286013490911
US-SD,US-NM,0.0,1092.462882122698
US-ND,US-NE,0.0,679.3283772457147
US-UT,US-OK,0.0,1328.3211563111604
US-VT,US-AR,0.0,1937.234816011286
US-PA,US-AL,0.0,1311.2282137401955
US-MI,US-WY,0.0,1743.9550181741167
US-MN,US-KY,0.0,1305.896689579841
US-IA,US-IL,1.0,338.75697472006306
US-MT,US-MI,0.0,1939.1254714031625
US-CO,US-RI,0.0,2887.454815120284
US-KS,US-IN,0.0,1112.9723701725438
US-AZ,US-DE,0.0,3204.807804787842
US-RI,US-SD,0.0,2323.543628717749
US-DE,US-WA,0.0,3729.3466351877046
US-AL,US-AZ,0.0,2254.255544596343
US-NJ,US-ND,0.0,2277.225968253124
US-WA,US-VA,0.0,3580.7681606459146
US-SC,US-TN,0.0,529.3413678624715
US-SD,US-FL,0.0,2445.2817013827284
US-ND,US-CO,0.0,969.0537394405064
US-UT,US-IL,0.0,1849.6700935370563
US-MI,US-NH,0.0,1132.3159189358123
US-IN,US-MO,0.0,608.4077971171757
US-VT,US-IN,0.0,1154.4809722069926
US-CO,US-KY,0.0,1872.1205302968635
US-OK,US-WA,0.0,2413.0402354334446
US-IA,US-MT,0.0,1476.6188543413718
US-OH,US-CO,0.0,1945.904698114372
US-NE,US-AZ,0.0,1283.674049351261
US-OR,US-WV,0.0,3370.6387297417523
US-NH,US-VT,1.0,171.8412932748283
US-MA,US-SD,0.0,2307.131928890734
US-WA,US-MS,0.0,3136.6315566847784
US-SC,US-MD,0.0,706.33445964359
US-NC,US-KS,0.0,1753.748790447035
US-WY,US-NH,0.0,2875.978478274798
US-LA,US-OK,0.0,622.2194789024882
US-NJ,US-VA,0.0,470.2658013114972
US-MI,US-DE,0.0,1029.580124851234
US-SD,US-MA,0.0,2307.131928890734
US-IN,US-CA,0.0,2947.4495923161967
US-NC,US-WY,0.0,2546.878159007904
US-ND,US-KY,0.0,1736.103206522804
US-UT,US-MT,0.0,842.5732363658414
US-MI,US-SD,0.0,1140.2260608592346
US-IN,US-PA,0.0,710.3243526134814
US-MT,US-ID,1.0,462.8384785253172
US-KY,US-WA,0.0,3138.5693074595306
US-OR,US-NE,0.0,1703.961456842827
US-NH,US-MN,0.0,1853.3781426526573
US-FL,US-AZ,0.0,2900.1496209144025
US-MA,US-ME,0.0,352.5752709329344
US-WA,US-AR,0.0,2759.603237165528
US-RI,US-NY,0.0,295.1387635782847
US-SC,US-AL,0.0,560.5960881207055
US-WY,US-DE,0.0,2689.1163599284464
US-LA,US-IL,0.0,1072.6498509121286
US-NJ,US-MS,0.0,1591.4147864930312
US-SC,US-NC,1.0,289.9591095978671
US-NC,US-NH,0.0,1043.990627748398
US-LA,US-WA,0.0,3034.8555942660573
US-WI,US-VT,0.0,1293.5659198594758
US-MI,US-ME,0.0,1277.2519743392031
US-IN,US-IA,0.0,643.8464788684036
US-PA,US-AZ,0.0,3068.3391219467608
US-CT,US-WY,0.0,2796.420548822945
US-MO,US-NJ,0.0,1521.007596772481
US-TX,US-TN,0.0,1292.14367518869
US-OR,US-CO,0.0,1312.5942648588
US-CA,US-VT,0.0,3987.232624502737
US-RI,US-GA,0.0,1457.418749298359
US-DE,US-KS,0.0,1979.6054823525649
US-OR,US-RI,0.0,3959.4232709987377
US-NH,US-OK,0.0,2370.9541817773465
US-NJ,US-AR,0.0,1623.5808057161523
US-MA,US-NY,1.0,251.51483090181856
US-WA,US-IN,0.0,2887.7969396876
US-RI,US-UT,0.0,3332.1203843109656
US-NC,US-DE,0.0,466.9067920363142
US-DE,US-WY,0.0,2689.1163599284464
US-WY,US-ME,0.0,3000.5878167795217
US-LA,US-MT,0.0,2332.846807814441
US-NY,US-VT,1.0,191.98408337576808
US-MS,US-SD,0.0,1581.8037143705287
US-TX,US-MD,0.0,2239.9451859371006
US-MN,US-AL,0.0,1733.8261206521722
US-OK,US-KS,1.0,462.0456621449966
US-CA,US-MN,0.0,2316.963477462663
US-MT,US-CA,0.0,1348.7336552127445
US-MO,US-TN,1.0,541.143261235284
US-OK,US-WY,0.0,1255.3280361107795
US-OR,US-KY,0.0,3098.249358552867
US-NH,US-IL,0.0,1499.2461584814405
US-MA,US-GA,0.0,1526.3413919439272
US-RI,US-MI,0.0,1187.5091052435473
US-DE,US-NH,0.0,580.1968550935754
US-NJ,US-IN,0.0,950.4078956095648
US-NC,US-ME,0.0,1328.2502226582242
US-MD,US-WA,0.0,3638.579556717546
US-NY,US-MN,0.0,1648.389723026596
US-WI,US-OK,0.0,1207.6162508627665
US-TN,US-NY,0.0,1367.4149262463216
US-MI,US-GA,0.0,1371.9679278446436
US-IN,US-CT,0.0,1054.5522078546924
US-IL,US-VT,0.0,1441.3303124399004
US-CT,US-SD,0.0,2194.130441997184
US-MO,US-MD,0.0,1325.7260215709475
US-TX,US-NC,0.0,1969.5927049787024
US-KY,US-KS,0.0,1243.78890206743
US-OK,US-NH,0.0,2370.9541817773465
US-CA,US-OK,0.0,2016.069621422064
US-WV,US-WA,0.0,3378.719995847051
US-NH,US-MT,0.0,3043.857186531567
US-MA,US-MI,0.0,1167.4306396523273
US-WA,US-CO,0.0,1505.582756717427
US-SC,US-AZ,0.0,2751.09592647911
US-NV,US-NJ,0.0,3577.3330741487803
US-WY,US-GA,0.0,2453.8253999356507
US-VA,US-TN,1.0,739.4834526261352
US-LA,US-KS,0.0,1037.733016389995
US-NM,US-OH,0.0,2032.363349751697
US-WI,US-IL,1.0,353.9987019944916
US-IL,US-MN,0.0,799.7643641779052
US-NY,US-OK,0.0,2167.830325134164
US-CT,US-ME,0.0,501.16228017717935
US-WI,US-WA,0.0,2498.873471722816
US-MS,US-NY,0.0,1799.899389726299
US-MO,US-AL,0.0,771.1115708427426
US-TN,US-UT,0.0,2198.6233973034814
US-OK,US-DE,0.0,1959.6457736500129
US-CA,US-IL,0.0,2626.807970157201
US-MO,US-NC,0.0,1164.9125201566665
US-KY,US-NH,0.0,1225.5326018102046
US-RI,US-ID,0.0,3498.603575194634
US-OH,US-VT,0.0,963.0432686397542
US-NE,US-SD,1.0,275.42776744669607
US-DE,US-ME,0.0,865.1077132676753
US-VA,US-MD,1.0,251.39368088042391
US-GA,US-NJ,0.0,1162.904040290627
US-NV,US-TN,0.0,2657.393532855771
US-ID,US-OH,0.0,2635.032528845238
US-NY,US-IL,0.0,1287.6592848806451
US-WI,US-MT,0.0,1715.4635336739602
US-MS,US-GA,0.0,610.7162377605348
US-TN,US-MI,0.0,981.750823463483
US-AR,US-MO,1.0,307.2545792865388
US-IL,US-OK,0.0,920.1901165712184
US-CT,US-NY,1.0,210.1655023730501
US-MS,US-UT,0.0,2096.858305387769
US-TX,US-MN,0.0,1700.5120155405818
US-KY,US-DE,0.0,771.0395286695984
US-OK,US-ME,0.0,2594.5445728295936
US-CA,US-MT,0.0,1348.7336552127445
US-KS,US-VT,0.0,2224.121520247547
US-MA,US-ID,0.0,3476.504128895061
US-FL,US-SD,0.0,2445.2817013827284
US-NV,US-MD,0.0,3413.173078522034
US-AZ,US-PA,0.0,3068.3391219467608
US-VA,US-NC,1.0,188.71175075407288
US-MD,US-KS,0.0,1882.223391288537
US-ME,US-WI,0.0,1538.4792947928663
US-NM,US-MO,0.0,1225.1513074943755
US-AL,US-NY,0.0,1649.2751239557697
US-GA,US-TN,1.0,504.5876202611267
US-MD,US-WY,0.0,2593.537801819521
US-NY,US-MT,0.0,2839.659563875194
US-CT,US-GA,0.0,1364.0516165719237
US-MS,US-MI,0.0,1370.0862608473667
US-TN,US-OH,0.0,632.7256790825098
US-TX,US-AZ,0.0,1068.3309667325775
US-AR,US-PA,0.0,1440.0177015977536
US-PA,US-SD,0.0,1878.1101049132335
US-KY,US-ME,0.0,1480.1560954512706
US-CO,US-WA,0.0,1505.582756717427
US-WV,US-KS,0.0,1560.4169672290095
US-KS,US-MN,0.0,911.9905212876884
US-RI,US-CA,0.0,4113.374011643568
US-OH,US-OK,0.0,1383.0180316677263
US-NE,US-NY,0.0,2110.2773486171227
US-DE,US-GA,0.0,1004.134565925932
US-ME,US-NV,0.0,3889.160901637302
US-WV,US-WY,0.0,2301.3184610883804
US-GA,US-MD,0.0,952.1078441752828
US-NV,US-NC,0.0,3303.1695194768427
US-AZ,US-WI,0.0,2202.470993090922
US-MD,US-NH,0.0,626.6818481461415
US-ID,US-MO,0.0,2030.4085244579653
US-NM,US-PA,0.0,2520.702802415608
US-WI,US-KS,0.0,966.3398734110428
US-AL,US-UT,0.0,2307.4430046335947
US-TN,US-ID,0.0,2571.339323425929
US-AR,US-IA,0.0,750.5365640238431
US-ND,US-WA,0.0,1474.6478289082988
US-IL,US-MT,0.0,1814.286291413052
US-CT,US-MI,0.0,1060.8694659935677
US-VT,US-MN,0.0,1729.646516696113
US-MO,US-AZ,0.0,1782.8902180602165
US-OK,US-GA,0.0,1350.4750944461452
US-CA,US-KS,0.0,1849.4322030886744
US-IA,US-OH,0.0,868.0424408095555
US-OH,US-IL,0.0,549.0638647530275
US-MT,US-TX,0.0,1881.9330330190571
US-WV,US-NH,0.0,903.9678562698816
US-KS,US-OK,1.0,462.0456621449966
US-OH,US-WA,0.0,3096.140840441636
US-FL,US-NY,0.0,1857.93448559973
US-GA,US-AL,1.0,376.1629058392135
US-NE,US-UT,0.0,977.1199301152128
US-AZ,US-NV,1.0,711.368145384393
US-VA,US-MN,0.0,1673.4692578844802
US-MD,US-DE,1.0,97.42258770821545
US-ME,US-SC,0.0,1615.4970536478113
US-ID,US-CA,0.0,901.68839252871
US-NM,US-IA,0.0,1290.408723094759
US-AL,US-MI,0.0,1338.725983505242
US-GA,US-NC,1.0,537.4866611840746
US-SD,US-NJ,0.0,2141.737929781941
US-ID,US-PA,0.0,3061.2468455719977
US-NY,US-KS,0.0,2078.815165322655
US-UT,US-OH,0.0,2398.4281875765573
US-MS,US-ID,0.0,2553.3357481701278
US-MI,US-WI,1.0,261.30925020796127
US-AR,US-NV,0.0,2212.8576735636
US-IN,US-VA,0.0,692.9722450182215
US-VT,US-OK,0.0,2336.053347558288
US-PA,US-NY,1.0,338.1084695517454
US-WV,US-DE,0.0,428.6250353857407
US-MN,US-WY,0.0,1071.0900468767811
US-KS,US-IL,0.0,796.1957710215405
US-OH,US-MT,0.0,2309.138565958666
US-FL,US-GA,1.0,517.2251092551071
US-NE,US-MI,0.0,1204.4683872722326
US-VA,US-AZ,0.0,2937.040969436475
US-ME,US-LA,0.0,2505.9041260274066
US-FL,US-UT,0.0,3015.1065105241773
US-WA,US-VT,0.0,3666.42258204432
US-NV,US-MN,0.0,1972.0821583183767
US-AZ,US-SC,0.0,2751.09592647911
US-SC,US-SD,0.0,1967.0383834558177
US-MD,US-ME,0.0,909.4082728252116
US-WY,US-WI,0.0,1493.054434257877
US-ID,US-IA,0.0,1772.4765909338655
US-NM,US-NV,0.0,1097.5854041966968
US-AL,US-OH,0.0,968.7201705189811
US-TN,US-CA,0.0,2937.334362638912
US-SD,US-TN,0.0,1473.391951921665
US-AR,US-CT,0.0,1776.9132738263636
US-CT,US-ID,0.0,3371.2424776222
US-VT,US-IL,0.0,1441.3303124399004
US-PA,US-GA,0.0,1126.8328892057486
US-CO,US-KS,1.0,630.7952731526639
US-MN,US-NH,0.0,1853.3781426526573
US-IA,US-MO,1.0,448.3630480745292
US-MT,US-ND,1.0,710.4829471739182
US-PA,US-UT,0.0,2865.8213271847508
US-CO,US-WY,1.0,411.7829980531055
US-WV,US-ME,0.0,1171.7704488679497
US-OR,US-WA,1.0,439.1168594758082
US-KS,US-MT,0.0,1301.2656643923365
US-FL,US-MI,0.0,1886.8961477255564
US-NE,US-OH,0.0,1429.8506832954354
US-NV,US-AZ,1.0,711.368145384393
US-AZ,US-LA,0.0,1798.5869774854627
US-ME,US-NM,0.0,3203.718996592777
US-NM,US-CT,0.0,2865.9003674403607
US-AL,US-ID,0.0,2742.591838616027
US-NJ,US-VT,0.0,522.4765121363987
US-SD,US-MD,0.0,2005.2105247835548
US-NC,US-WI,0.0,1220.260583853488
US-ND,US-KS,0.0,971.04016570868
US-UT,US-MO,0.0,1676.4839982738945
US-MI,US-SC,0.0,1226.0578167850988
US-MN,US-DE,0.0,1781.3832417022038
US-IN,US-OR,0.0,2881.0754948729923
US-ND,US-WY,0.0,699.1564457070026
US-VT,US-MT,0.0,2916.218650198123
US-PA,US-MI,0.0,768.1684280396291
US-CO,US-NH,0.0,2862.955537659201
US-MN,US-SD,1.0,510.03807887299047
US-IA,US-PA,0.0,1323.813699565896
US-OH,US-KS,0.0,1339.7550762869946
US-MT,US-VA,0.0,2793.0838461572434
US-NE,US-ID,0.0,1242.678642631567
US-ME,US-FL,0.0,2228.1430334418487
US-NJ,US-MN,0.0,1791.909872351891
US-GA,US-AZ,0.0,2625.632025395557
US-WA,US-OK,0.0,2413.0402354334446
US-AZ,US-NM,1.0,564.7077982305963
US-SC,US-NY,0.0,1212.1707405491925
US-SD,US-AL,0.0,1719.3005858753888
US-NC,US-NV,0.0,3303.1695194768427
US-WY,US-SC,0.0,2482.655383273032
US-ID,US-CT,0.0,3371.2424776222
US-UT,US-CA,0.0,781.4273048907097
US-MI,US-LA,0.0,1561.6045339226994
US-SD,US-NC,0.0,1994.6522496014773
US-ND,US-NH,0.0,2334.4822772397897
US-UT,US-PA,0.0,2865.8213271847508
US-CO,US-DE,0.0,2594.527897024748
US-MN,US-ME,0.0,1948.4020011883504
US-IN,US-WV,0.0,491.6510815216177
US-MT,US-MS,0.0,2401.1240313198623
US-NH,US-OH,0.0,987.9754261837916
US-FL,US-ID,0.0,3470.581769152156
US-WA,US-IL,0.0,2600.613443072641
US-AZ,US-FL,0.0,2900.1496209144025
US-RI,US-TX,0.0,2731.95092113152
US-DE,US-WI,0.0,1230.4761351072596
US-WY,US-LA,0.0,1873.680777909712
US-LA,US-MO,0.0,747.7156669527411
US-AL,US-CA,0.0,3004.227125580221
US-NJ,US-OK,0.0,2071.3980394766054
US-SC,US-UT,0.0,2727.9315579010954
US-NC,US-SC,1.0,289.9591095978671
US-ND,US-DE,0.0,2262.721248316493
US-UT,US-IA,0.0,1542.7305980553526
US-MI,US-NM,0.0,1953.7662437030049
US-IN,US-NE,0.0,1202.7846046177665
US-MT,US-AR,0.0,2016.2309605477071
US-PA,US-ID,0.0,3061.2468455719977
US-MO,US-SD,0.0,950.4231274859
US-CO,US-ME,0.0,3023.3381850058736
US-OK,US-WI,0.0,1207.6162508627665
US-NE,US-CA,0.0,1758.5135712005413
US-OR,US-WY,0.0,1072.803319548595
US-NJ,US-IL,0.0,1270.6753591193203
US-MA,US-TX,0.0,2762.7446201608304
US-WA,US-MT,0.0,787.6940776814857
US-SC,US-MI,0.0,1226.0578167850988
US-NC,US-LA,0.0,1315.085559338226
US-WY,US-NM,0.0,921.8067203436292
US-LA,US-PA,0.0,1734.7365330553655
US-MI,US-FL,0.0,1886.8961477255564
US-IN,US-CO,0.0,1717.48245552034
US-ND,US-ME,0.0,2416.31540262926
US-TX,US-NY,0.0,2573.675990388685
US-MN,US-GA,0.0,1905.340377207244
US-IN,US-RI,0.0,1188.3524626102362
US-IA,US-CT,0.0,1656.7403228917017
US-MT,US-IN,0.0,2100.1116335550505
US-KY,US-WI,0.0,762.3140166871734
US-OR,US-NH,0.0,3892.379832529514
US-NH,US-MO,0.0,1801.7019925520456
US-RI,US-ND,0.0,2414.969079235292
US-DE,US-SC,0.0,756.6584320097516
US-WY,US-FL,0.0,2878.1579689208825
US-LA,US-IA,0.0,1185.391679644736
US-NJ,US-MT,0.0,2970.826173889355
US-SD,US-AZ,0.0,1464.198081696297
US-NC,US-NM,0.0,2353.471915856153
US-UT,US-CT,0.0,3199.3398883343893
US-TN,US-TX,0.0,1292.14367518869
US-MI,US-MA,0.0,1167.4306396523273
US-IN,US-KY,1.0,322.6552282421995
US-MO,US-NY,0.0,1596.478565886482
US-TX,US-UT,0.0,1298.6477573028108
US-KY,US-NV,0.0,2792.205517946329
US-OK,US-SC,0.0,1465.324719013039
US-OR,US-DE,0.0,3750.32582559303
US-NH,US-CA,0.0,4081.6593671146384
US-DE,US-LA,0.0,1731.896529378511
US-NH,US-PA,0.0,513.1510760020883
US-MA,US-ND,0.0,2383.1447639201488
US-WA,US-KS,0.0,2033.963690923019
US-RI,US-VA,0.0,769.0811499210074
US-SC,US-ID,0.0,3092.2601895380167
US-NC,US-FL,0.0,930.449964193984
US-WY,US-MA,0.0,2910.7457007249213
US-LA,US-NV,0.0,2355.8989297774947
US-WI,US-MO,0.0,695.8092826456151
US-IL,US-OH,0.0,549.0638647530275
US-MS,US-TX,0.0,989.2316972999328
US-MO,US-GA,0.0,1036.7828010419032
US-TX,US-MI,0.0,1851.5198076005463
US-OK,US-LA,0.0,622.2194789024882
US-CA,US-MO,0.0,2432.4158715449885
US-MO,US-UT,0.0,1676.4839982738945
US-KY,US-SC,0.0,525.8038324728799
US-OR,US-ME,0.0,3985.807928308389
US-NH,US-IA,0.0,1764.8307673677634
US-RI,US-MS,0.0,1888.103838891265
US-DE,US-NM,0.0,2646.595331720079
US-LA,US-CT,0.0,2050.270499048897
US-GA,US-SD,0.0,1977.4386661563096
US-MD,US-WI,0.0,1140.1605516146928
US-ID,US-VA,0.0,3101.4164374136985
US-NY,US-MO,0.0,1596.478565886482
US-WI,US-PA,0.0,991.9383664168216
US-MS,US-MA,0.0,1938.506049802356
US-TN,US-ND,0.0,1791.742246631761
US-AR,US-OR,0.0,2627.0050989529927
US-CT,US-TX,0.0,2603.0619013991127
US-MO,US-MI,0.0,877.3591285657163
US-TX,US-OH,0.0,1786.4585527229328
US-KY,US-LA,0.0,1027.765044725228
US-OK,US-NM,1.0,723.0796459056215
US-CA,US-PA,0.0,3646.139043805873
US-RI,US-AR,0.0,1904.69999272474
US-DE,US-FL,0.0,1367.910688630495
US-WV,US-WI,0.0,904.078944321946
US-MA,US-MS,0.0,1938.506049802356
US-SC,US-CA,0.0,3463.650188955892
US-NV,US-NY,0.0,3535.8509232619845
US-VA,US-UT,0.0,2820.2095647485285
US-MD,US-NV,0.0,3413.173078522034
US-NM,US-OR,0.0,1651.8555948730343
US-WI,US-IA,1.0,410.3502858638764
US-AL,US-TX,0.0,1223.785029221256
US-IL,US-MO,1.0,363.15903776854685
US-NY,US-PA,1.0,338.1084695517454
US-CT,US-MA,1.0,166.86772045327402
US-MS,US-ND,0.0,1953.0621204027127
US-TN,US-VA,1.0,739.4834526261352
US-TX,US-ID,0.0,1865.1390836915384
US-OK,US-FL,0.0,1686.831060445598
US-AR,US-WV,0.0,1078.9215905558538
US-CA,US-IA,0.0,2323.7721964593047
US-KY,US-NM,0.0,1881.1711016693648
US-OR,US-GA,0.0,3508.066548588797
US-WV,US-NV,0.0,3100.5934908995914
US-NH,US-CT,0.0,216.24682103451616
US-KS,US-OH,0.0,1339.7550762869946
US-MA,US-AR,0.0,1938.230269997572
US-RI,US-IN,0.0,1188.3524626102362
US-NE,US-TX,0.0,1059.0150500491927
US-DE,US-MA,0.0,522.750893324126
US-VA,US-MI,0.0,961.9461926595924
US-GA,US-NY,0.0,1453.739408705576
US-NV,US-UT,1.0,463.34229805348696
US-MD,US-SC,0.0,706.33445964359
US-ID,US-OR,1.0,466.225292031838
US-IL,US-CA,0.0,2626.807970157201
US-NM,US-WV,0.0,2218.5925800512364
US-NY,US-IA,0.0,1550.3143909374353
US-WI,US-NV,0.0,2362.0746867152147
US-TN,US-MS,1.0,437.2995448896338
US-AR,US-NE,0.0,991.4347339198798
US-IL,US-PA,0.0,1026.5420240711271
US-CT,US-ND,0.0,2293.5886991556945
US-VT,US-OH,0.0,963.0432686397542
US-MO,US-ID,0.0,2030.4085244579653
US-KY,US-FL,0.0,1160.1344132367872
US-OK,US-MA,0.0,2366.5835082839994
US-MN,US-WI,1.0,565.7631382279519
US-CA,US-NV,1.0,346.5109037856982
US-OH,US-MO,0.0,815.6186241174556
US-WV,US-SC,0.0,533.2595524056967
US-FL,US-TX,0.0,1834.5872916015849
US-NV,US-MI,0.0,2619.689590040114
US-AZ,US-RI,0.0,3546.438041260277
US-VA,US-OH,0.0,495.26916234524913
US-MD,US-LA,0.0,1651.6295907277372
US-ID,US-IN,0.0,2414.882371420846
US-NM,US-NE,0.0,851.8950516622441
US-WI,US-CT,0.0,1303.7544264762062
US-AL,US-ND,0.0,2069.982696802941
US-TN,US-AR,1.0,477.4574657418338
US-GA,US-UT,0.0,2653.236025568446
US-AR,US-CO,0.0,1322.3513813509776
US-ID,US-WV,0.0,2904.593026494318
US-IL,US-IA,1.0,338.75697472006306
US-NY,US-NV,0.0,3535.8509232619845
US-UT,US-VA,0.0,2820.2095647485285
US-TX,US-CA,0.0,1865.4035665981803
US-AR,US-RI,0.0,1904.69999272474
US-CA,US-CT,0.0,3980.501194073208
US-PA,US-TX,0.0,2263.1785983767054
US-CO,US-WI,0.0,1484.863499017359
US-WV,US-LA,0.0,1341.3838126211097
US-KS,US-MO,1.0,590.4595482661848
US-OH,US-PA,1.0,488.5627153106274
US-FL,US-MA,0.0,1877.7694487370695
US-NE,US-ND,0.0,679.3283772457147
US-VA,US-ID,0.0,3101.4164374136985
US-ME,US-NJ,0.0,705.5743655979417
US-NM,US-CO,1.0,513.2754451901055
US-GA,US-MI,0.0,1371.9679278446436
US-NV,US-OH,0.0,2859.2312735450896
US-MD,US-NM,0.0,2550.551568719348
US-ID,US-NE,0.0,1242.678642631567
US-NM,US-RI,0.0,2999.3664165819305
US-NY,US-CT,1.0,210.1655023730501
US-WI,US-LA,0.0,1425.0925733243482
US-MS,US-AR,1.0,388.2362330730239
US-AL,US-VA,0.0,942.2421151538122
US-TN,US-IN,0.0,566.2307703367371
US-AR,US-KY,0.0,736.3648640684286
US-ND,US-WI,0.0,1035.9311201349494
US-CT,US-MS,0.0,1771.814517701309
US-VT,US-MO,0.0,1762.850824124612
US-MO,US-CA,0.0,2432.4158715449885
US-PA,US-MA,0.0,499.8793944353103
US-CO,US-NV,0.0,920.1421908930504
US-MN,US-SC,0.0,1830.5831952730064
US-IA,US-OR,0.0,2238.487713910325
US-OH,US-IA,0.0,868.0424408095555
US-MT,US-VT,0.0,2916.218650198123
US-WV,US-NM,0.0,2218.5925800512364
US-KS,US-PA,0.0,1822.2697108451964
US-FL,US-ND,0.0,2782.585652514978
US-NE,US-VA,0.0,1873.6412311222132
US-NV,US-ID,1.0,601.9345001131765
US-AZ,US-NJ,0.0,3299.3553878527623
US-VA,US-MO,0.0,1159.7099765228
US-MD,US-FL,0.0,1343.457145955601
US-ME,US-TN,0.0,1804.3286883867088
US-ID,US-CO,0.0,895.7723428644271
US-NM,US-KY,0.0,1881.1711016693648
US-AL,US-MS,1.0,234.55333192132696
US-SD,US-NY,0.0,2059.978234603316
US-ND,US-NV,0.0,1579.1846175940482
US-IL,US-CT,0.0,1368.5439563413809
US-UT,US-OR,0.0,930.786735279368
US-CT,US-AR,0.0,1776.9132738263636
US-MS,US-IN,0.0,972.328596331309
US-MN,US-LA,0.0,1735.5214407692936
US-IN,US-WA,0.0,2887.7969396876
US-MT,US-MN,0.0,1191.3097316600376
US-VT,US-PA,0.0,529.6558117554931
US-PA,US-ND,0.0,2009.709016124079
US-CO,US-SC,0.0,2276.9203710168663
US-WV,US-FL,0.0,1219.6525969995075
US-IA,US-WV,0.0,1132.155175631784
US-KS,US-IA,0.0,556.0042950094249
US-OH,US-NV,0.0,2859.2312735450896
US-NE,US-MS,0.0,1377.7909988432134
US-VA,US-CA,0.0,3586.8478966755724
US-ME,US-MD,0.0,909.4082728252116
US-AL,US-AR,0.0,557.0329028508029
US-NJ,US-OH,0.0,722.4526858262675
US-GA,US-ID,0.0,3058.4719592675424
US-AZ,US-TN,0.0,2238.899335109335
US-SC,US-TX,0.0,1759.1783407372984
US-MD,US-MA,0.0,579.5248385046939
US-NC,US-RI,0.0,919.932476186022
US-ID,US-KY,0.0,2634.402130652518
US-MI,US-NJ,0.0,1035.5983396007946
US-SD,US-UT,0.0,1062.6430364820842
US-ND,US-SC,0.0,2251.263263511393
US-UT,US-WV,0.0,2637.665605778452
US-VT,US-IA,0.0,1684.6275120723974
US-CO,US-LA,0.0,1539.9904578300675
US-MN,US-NM,0.0,1567.424204460992
US-IA,US-NE,1.0,566.4969055218398
US-OH,US-CT,0.0,833.9231028751894
US-MT,US-OK,0.0,1722.7771392813695
US-NE,US-AR,0.0,991.4347339198798
US-ME,US-AL,0.0,2079.1047174540413
US-WV,US-MA,0.0,875.5823285856205
US-OR,US-WI,0.0,2533.824986139015
US-KS,US-NV,0.0,1549.5506772566273
US-NH,US-VA,0.0,877.6192479080382
US-FL,US-MS,0.0,920.4276771952348
US-WA,US-MO,0.0,2575.504156233674
US-NV,US-CA,1.0,346.5109037856982
US-AZ,US-MD,0.0,3108.29870913154
US-ME,US-NC,0.0,1328.2502226582242
US-WY,US-NJ,0.0,2738.5540109062235
US-LA,US-OR,0.0,2847.609046315198
US-AL,US-IN,0.0,922.790953544384
US-SD,US-MI,0.0,1140.2260608592346
US-ND,US-LA,0.0,1963.3189624911388
US-UT,US-NE,0.0,977.1199301152128
US-MI,US-TN,0.0,981.750823463483
US-MN,US-FL,0.0,2412.071808774564
US-IA,US-CO,0.0,1098.8337399947775
US-MT,US-IL,0.0,1814.286291413052
US-VT,US-NV,0.0,3651.773881217998
US-PA,US-MS,0.0,1463.4159222523483
US-CO,US-NM,1.0,513.2754451901055
US-IA,US-RI,0.0,1789.707901907718
US-KS,US-CT,0.0,2164.734008195905
US-OH,US-LA,0.0,1315.1081174507017
US-FL,US-AR,0.0,1287.0763770514266
US-NE,US-IN,0.0,1202.7846046177665
US-AZ,US-AL,0.0,2254.255544596343
US-NJ,US-MO,0.0,1521.007596772481
US-WA,US-PA,0.0,3482.635568548775
US-SC,US-ND,0.0,2251.263263511393
US-NC,US-NJ,0.0,626.1517432498183
US-WY,US-TN,0.0,1963.2763098893847
US-UT,US-CO,1.0,456.8116906903516
US-LA,US-WV,0.0,1341.3838126211097
US-MI,US-MD,0.0,946.197621134084
US-SD,US-OH,0.0,1451.7281558445331
US-IN,US-KS,0.0,1112.9723701725438
US-ND,US-NM,0.0,1438.1605517454673
US-UT,US-RI,0.0,3332.1203843109656
US-VT,US-CT,0.0,331.24299466527805
US-PA,US-AR,0.0,1440.0177015977536
US-CO,US-FL,0.0,2594.4433282792343
US-MN,US-MA,0.0,1899.7984632291557
US-IN,US-WY,0.0,1813.957421186648
US-IA,US-KY,0.0,876.4963310542963
US-OR,US-SC,0.0,3550.076205071835
US-NH,US-OR,0.0,3892.379832529514
US-MA,US-NC,0.0,989.5332658893508
US-WA,US-IA,0.0,2262.3545755935115
US-RI,US-VT,0.0,343.057784189606
US-WY,US-MD,0.0,2593.537801819521
US-LA,US-NE,0.0,1333.099998718487
US-NJ,US-PA,1.0,267.5589476078268
US-SC,US-VA,0.0,459.4800047135095
US-SD,US-ID,0.0,1185.0922689087952
US-NC,US-TN,1.0,683.6555453533094
US-ND,US-FL,0.0,2782.585652514978
US-UT,US-KY,0.0,2328.9191364548783
US-MI,US-NC,0.0,1103.22693024595
US-IN,US-NH,0.0,1196.6630524546815
US-MO,US-TX,0.0,991.8242580995396
US-KY,US-RI,0.0,1169.256383144548
US-OR,US-LA,0.0,2847.609046315198
US-RI,US-MN,0.0,1929.8466177344612
US-ME,US-AZ,0.0,3729.3922700023513
US-DE,US-NJ,1.0,159.84817506151862
US-WY,US-AL,0.0,2146.9561692477705
US-NH,US-WV,0.0,903.9678562698816
US-NJ,US-IA,0.0,1579.1859896997212
US-MA,US-VT,1.0,257.94671766341986
US-WA,US-NV,0.0,1054.271499944653
US-SC,US-MS,0.0,784.3604858405838
US-NC,US-MD,0.0,421.4382796417079
US-WY,US-NC,0.0,2546.878159007904
US-LA,US-RI,0.0,2168.774888189633
US-IN,US-DE,0.0,880.1016136210925
US-IL,US-VA,0.0,992.9253886866104
US-TX,US-ND,0.0,1735.24278655165
US-OK,US-NJ,0.0,2071.3980394766054
US-CA,US-OR,1.0,787.1408412745096
US-OR,US-NM,0.0,1651.8555948730343
US-NH,US-NE,0.0,2324.8269030324964
US-MA,US-MN,0.0,1899.7984632291557
US-WA,US-CT,0.0,3767.805280662717
US-RI,US-OK,0.0,2341.666353605709
US-SC,US-AR,0.0,988.604772322737
US-NC,US-AL,0.0,820.6042879189841
US-DE,US-TN,0.0,1048.091640019209
US-LA,US-KY,0.0,1027.765044725228
US-SD,US-CA,0.0,1830.33510928406
US-NY,US-OR,0.0,3684.763604122415
US-WI,US-WV,0.0,904.078944321946
US-TN,US-VT,0.0,1555.5189803984958
US-IN,US-ME,0.0,1412.9687566496975
US-AR,US-WA,0.0,2759.603237165528
US-MO,US-ND,0.0,1300.6795730067486
US-TX,US-VA,0.0,2029.764596173728
US-KY,US-NJ,0.0,887.4583265381635
US-OK,US-TN,0.0,955.675872156036
US-OR,US-FL,0.0,3906.0504008474527
US-NH,US-CO,0.0,2862.955537659201
US-CA,US-WV,0.0,3408.767185255433
US-MA,US-AZ,0.0,3556.130556191604
US-RI,US-IL,0.0,1502.4823917600415
US-DE,US-MD,1.0,97.42258770821545
US-NH,US-RI,0.0,179.61122490451046
US-NJ,US-CT,0.0,204.45631176498188
US-MA,US-OK,0.0,2366.5835082839994
US-SC,US-IN,0.0,843.5715216994729
US-NV,US-TX,0.0,1675.6240483492988
US-NM,US-WA,0.0,1925.8745126014317
US-WI,US-NE,0.0,943.3253454831066
US-MI,US-AZ,0.0,2461.653257753734
US-IL,US-OR,0.0,2574.293297968809
US-NY,US-WV,0.0,739.663181232916
US-CT,US-NC,0.0,828.5837214617594
US-MS,US-VT,0.0,1989.2826375174868
US-TX,US-MS,0.0,989.2316972999328
US-OK,US-MD,0.0,1865.8411623007903
US-CA,US-NE,0.0,1758.5135712005413
US-DE,US-AL,0.0,1261.144643216366
US-MO,US-VA,0.0,1159.7099765228
US-KY,US-TN,1.0,330.2889716330397
US-OR,US-MA,0.0,3935.3685476265896
US-NH,US-KY,0.0,1225.5326018102046
US-MA,US-IL,0.0,1509.9280752595832
US-RI,US-MT,0.0,3120.561503454945
US-DE,US-NC,0.0,466.9067920363142
US-WY,US-AZ,0.0,1056.515711554073
US-VA,US-ND,0.0,2138.392760357267
US-GA,US-TX,0.0,1599.9479350604674
US-ID,US-WA,1.0,618.5852494112257
US-IL,US-IN,1.0,320.6416221589977
US-NY,US-NE,0.0,2110.2773486171227
US-WI,US-RI,0.0,1433.3129922150888
US-MS,US-MN,0.0,1660.4635730387208
US-TN,US-OK,0.0,955.675872156036
US-TX,US-AR,1.0,829.0901958311174
US-OK,US-AL,0.0,988.8508751699056
US-CA,US-CO,0.0,1229.9671367958574
US-IL,US-WV,0.0,798.4090691571879
US-CT,US-VT,0.0,331.24299466527805
US-MO,US-MS,0.0,661.7453429681053
US-KY,US-MD,0.0,677.5860309970273
US-OK,US-NC,0.0,1638.3011645419265
US-CA,US-RI,0.0,4113.374011643568
US-GA,US-MA,0.0,1526.3413919439272
US-NV,US-ND,0.0,1579.1846175940482
US-AZ,US-WY,0.0,1056.515711554073
US-NC,US-AZ,0.0,2918.116155147678
US-MD,US-NJ,0.0,222.285997625701
US-NY,US-CO,0.0,2648.370950511424
US-WI,US-KY,0.0,762.3140166871734
US-AL,US-VT,0.0,1840.86781278904
US-TN,US-IL,0.0,619.919510175304
US-AR,US-KS,0.0,726.0126666107562
US-IL,US-NE,0.0,885.2081078687713
US-NY,US-RI,0.0,295.1387635782847
US-CT,US-MN,0.0,1807.7515978443012
US-MS,US-OK,0.0,770.3655842169966
US-MO,US-AR,1.0,307.2545792865388
US-TX,US-IN,0.0,1594.84452728387
US-KY,US-AL,0.0,658.9074890032998
US-AR,US-WY,0.0,1591.088642048134
US-CA,US-KY,0.0,3092.386208121576
US-WV,US-NJ,0.0,544.9410883047174
US-KS,US-OR,0.0,1909.6418406500936
US-OH,US-WV,1.0,291.8665903904188
US-NE,US-VT,0.0,2236.41254786858
US-VA,US-MS,0.0,1129.6045592147193
US-ME,US-SD,0.0,2400.736539996489
US-LA,US-AL,0.0,509.666543937041
US-NM,US-KS,0.0,734.4543021927697
US-AL,US-MN,0.0,1733.8261206521722
US-GA,US-ND,0.0,2294.1538671962944
US-NV,US-VA,0.0,3283.526687768358
US-MD,US-TN,0.0,962.1927864574365
US-IL,US-CO,0.0,1396.840833361345
US-NM,US-WY,0.0,921.8067203436292
US-NY,US-KY,0.0,1042.585382086098
US-CT,US-AZ,0.0,3412.595318209708
US-WI,US-NJ,0.0,1257.998059971134
US-MS,US-IL,0.0,920.5236903248529
US-TN,US-MT,0.0,2342.5779677421924
US-AR,US-NH,0.0,1951.9719122810905
US-CT,US-OK,0.0,2210.526224496068
US-VT,US-OR,0.0,3770.517290390145
US-MO,US-IN,0.0,608.4077971171757
US-PA,US-NC,0.0,625.7661883841332
US-IA,US-WA,0.0,2262.3545755935115
US-OH,US-NE,0.0,1429.8506832954354
US-NE,US-MN,0.0,715.5404592493659
US-DE,US-AZ,0.0,3204.807804787842
US-VA,US-AR,0.0,1205.116677956219
US-WV,US-TN,0.0,642.237312692324
US-KS,US-WV,0.0,1560.4169672290095
US-FL,US-VT,0.0,2039.8207589860967
US-NV,US-MS,0.0,2536.079709982838
US-AZ,US-SD,0.0,1464.198081696297
US-VA,US-OR,0.0,3567.163429375003
US-ID,US-KS,0.0,1462.060112009248
US-NM,US-NH,0.0,3006.3134081699013
US-AL,US-OK,0.0,988.8508751699056
US-SD,US-TX,0.0,1334.442817495889
US-AR,US-DE,0.0,1502.0991360085925
US-ND,US-RI,0.0,2414.969079235292
US-IL,US-KY,1.0,539.8463965289936
US-UT,US-WA,0.0,1215.9842667232429
US-CT,US-IL,0.0,1368.5439563413809
US-MS,US-MT,0.0,2401.1240313198623
US-TX,US-CO,0.0,995.5265301768994
US-OK,US-AZ,0.0,1285.9467643101866
US-MN,US-NJ,0.0,1791.909872351891
US-MT,US-OH,0.0,2309.138565958666
US-VT,US-WV,0.0,931.1685609394142
US-PA,US-VT,0.0,529.6558117554931
US-WV,US-MD,1.0,334.09366950088986
US-KS,US-NE,1.0,300.914752704968
US-OH,US-RI,0.0,967.141165612778
US-FL,US-MN,0.0,2412.071808774564
US-NE,US-OK,0.0,761.5293902640448
US-NV,US-AR,0.0,2212.8576735636
US-AZ,US-ME,0.0,3729.3922700023513
US-VA,US-IN,0.0,692.9722450182215
US-MD,US-AL,0.0,1189.6309449347732
US-ME,US-NY,0.0,437.600231935196
US-NM,US-DE,0.0,2646.595331720079
US-AL,US-IL,0.0,951.0109487563212
US-GA,US-MS,0.0,610.7162377605348
US-MD,US-NC,0.0,421.4382796417079
US-ID,US-NH,0.0,3435.489337930416
US-TN,US-KS,0.0,1121.721971042022
US-AR,US-ME,0.0,2193.8431106007943
US-VT,US-NE,0.0,2236.41254786858
US-PA,US-MN,0.0,1524.5088976289776
US-KY,US-AZ,0.0,2442.53128486262
US-CO,US-NJ,0.0,2666.9249034795725
US-WV,US-AL,0.0,909.7048343132832
US-MN,US-TN,0.0,1417.778959890927
US-KS,US-CO,1.0,630.7952731526639
US-OH,US-KY,1.0,309.8141117382048
US-NE,US-IL,0.0,885.2081078687713
US-ME,US-GA,0.0,1861.5159137797036
US-WV,US-NC,0.0,340.2301606978829
US-KS,US-RI,0.0,2298.6734833243845
US-FL,US-OK,0.0,1686.831060445598
US-GA,US-AR,0.0,892.0277867982404
US-WA,US-OR,1.0,439.1168594758082
US-NV,US-IN,0.0,2631.099328022508
US-AZ,US-NY,0.0,3331.638477849372
US-ME,US-UT,0.0,3449.22622950578
US-WY,US-SD,1.0,603.7289573148825
US-ID,US-DE,0.0,3284.3865970535567
US-NM,US-ME,0.0,3203.718996592777
US-WI,US-AL,0.0,1285.5305407722672
US-AL,US-MT,0.0,2563.6233291072376
US-SD,US-ND,1.0,407.3279664348059
US-ND,US-NJ,0.0,2277.225968253124
US-VT,US-CO,0.0,2777.342382209844
US-MN,US-MD,0.0,1694.497958602254
US-CA,US-AL,0.0,3004.227125580221
US-IN,US-WI,0.0,445.09238088226624
US-IA,US-KS,0.0,556.0042950094249
US-MT,US-MO,0.0,1808.5478317043696
US-VT,US-RI,0.0,343.057784189606
US-PA,US-OK,0.0,1867.0134131790533
US-CO,US-TN,0.0,1747.712274335075
US-IA,US-WY,0.0,1170.1301609344227
US-KS,US-KY,0.0,1243.78890206743
US-OH,US-NJ,0.0,722.4526858262675
US-FL,US-IL,0.0,1612.442055797423
US-NE,US-MT,0.0,1025.494812104134
US-AZ,US-GA,0.0,2625.632025395557
US-VA,US-CO,0.0,2363.5202780473624
US-ME,US-MI,0.0,1277.2519743392031
US-NJ,US-OR,0.0,3790.5659487154335
US-GA,US-IN,0.0,963.9072520692308
US-WA,US-WV,0.0,3378.719995847051
US-SC,US-VT,0.0,1401.363102879553
US-NC,US-SD,0.0,1994.6522496014773
US-ID,US-ME,0.0,3537.346226272374
US-UT,US-KS,0.0,1086.740572945733
US-MI,US-NY,0.0,919.752173744082
US-SD,US-VA,0.0,1925.895597177989
US-IN,US-NV,0.0,2631.099328022508
US-AR,US-GA,0.0,892.0277867982404
US-ND,US-TN,0.0,1791.742246631761
US-UT,US-WY,1.0,524.8486402421273
US-VT,US-KY,0.0,1228.8819472315752
US-PA,US-IL,0.0,1026.5420240711271
US-CO,US-MD,0.0,2497.1680466109874
US-MN,US-NC,0.0,1783.7069879308035
US-IA,US-NH,0.0,1764.8307673677634
US-MT,US-PA,0.0,2703.552412775113
US-NH,US-WA,0.0,3801.934413938192
US-FL,US-MT,0.0,3295.564734760779
US-MA,US-UT,0.0,3326.524328239429
US-WA,US-NE,0.0,1782.9185135016546
US-AZ,US-MI,0.0,2461.653257753734
US-SC,US-MN,0.0,1830.5831952730064
US-MD,US-AZ,0.0,3108.29870913154
US-WY,US-NY,0.0,2663.707191918199
US-NM,US-GA,0.0,2069.3996114391107
US-AL,US-KS,0.0,1282.3016342203955
US-NJ,US-WV,0.0,544.9410883047174
US-SD,US-MS,0.0,1581.8037143705287
US-ND,US-MD,0.0,2174.209278628732
US-UT,US-NH,0.0,3300.5759992382414
US-CO,US-AL,0.0,1875.3843680212285
US-MI,US-UT,0.0,2174.46275336616
US-IN,US-SC,0.0,843.5715216994729
US-IA,US-DE,0.0,1521.164306023583
US-MT,US-IA,0.0,1476.6188543413718
US-PA,US-MT,0.0,2703.552412775113
US-CO,US-NC,0.0,2384.2779603727577
US-KY,US-WY,0.0,2025.4460692635696
US-WV,US-AZ,0.0,2777.744644877696
US-OR,US-NJ,0.0,3790.5659487154335
US-NE,US-KS,1.0,300.914752704968
US-RI,US-OH,0.0,967.141165612778
US-ME,US-ID,0.0,3537.346226272374
US-DE,US-SD,0.0,2099.527410763672
US-NJ,US-NE,0.0,2145.0314955499057
US-WA,US-RI,0.0,3888.180784599591
US-SC,US-OK,0.0,1465.324719013039
US-SD,US-AR,0.0,1194.0384303132146
US-NC,US-NY,0.0,933.6424932703698
US-ND,US-AL,0.0,2069.982696802941
US-WY,US-UT,1.0,524.8486402421273
US-UT,US-DE,0.0,3048.6832822436
US-LA,US-WY,0.0,1873.680777909712
US-IN,US-LA,0.0,1189.9897633850303
US-ND,US-NC,0.0,2235.329751797639
US-TX,US-VT,0.0,2746.478848434908
US-OK,US-SD,0.0,1025.065617767459
US-IA,US-ME,0.0,1934.914766894084
US-CA,US-WA,0.0,1224.9128869594615
US-OH,US-AL,0.0,968.7201705189811
US-MT,US-NV,0.0,1024.1847051745417
US-OR,US-TN,0.0,3026.3814235134178
US-NJ,US-CO,0.0,2666.9249034795725
US-MA,US-OH,0.0,985.3708321502612
US-WA,US-KY,0.0,3138.5693074595306
US-AZ,US-ID,0.0,1157.440108190885
US-SC,US-IL,0.0,1049.1261616101517
US-NC,US-GA,1.0,537.4866611840746
US-WY,US-MI,0.0,1743.9550181741167
US-LA,US-NH,0.0,2244.484994425173
US-NJ,US-RI,0.0,298.8877458316408
US-SD,US-IN,0.0,1234.7409926744022
US-NC,US-UT,0.0,2840.489322530688
US-UT,US-ME,0.0,3449.22622950578
US-NY,US-WA,0.0,3602.460697567589
US-MI,US-OH,1.0,486.6091643305578
US-MN,US-AZ,0.0,1971.9506384439176
US-IN,US-NM,0.0,1812.4882960905331
US-MT,US-CT,0.0,2997.28480277399
US-MO,US-VT,0.0,1762.850824124612
US-KY,US-SD,0.0,1476.6654786426789
US-OR,US-MD,0.0,3655.836405014885
US-NH,US-KS,0.0,2291.8722000431458
US-RI,US-MO,0.0,1780.8860465988123
US-DE,US-NY,0.0,500.1572704980935
US-LA,US-DE,0.0,1731.896529378511
US-NH,US-WY,0.0,2875.978478274798
US-NJ,US-KY,0.0,887.4583265381635
US-WA,US-NJ,0.0,3750.184601239954
US-SC,US-MT,0.0,2843.3304565224894
US-NC,US-MI,0.0,1103.22693024595
US-WY,US-OH,0.0,2037.0027296328044
US-LA,US-SD,0.0,1569.485716426061
US-MI,US-ID,0.0,2311.1061054531774
US-IN,US-FL,0.0,1480.9896212552776
US-IL,US-WA,0.0,2600.613443072641
US-CT,US-UT,0.0,3199.3398883343893
US-MO,US-MN,0.0,1002.2940719695428
US-TX,US-OK,1.0,426.6350606130031
US-CO,US-AZ,1.0,772.8701238654832
US-OK,US-NY,0.0,2167.830325134164
US-OR,US-AL,0.0,3183.085474257974
US-OR,US-NC,0.0,3619.67776309657
US-MA,US-MO,0.0,1800.9890471692213
US-RI,US-PA,0.0,478.6637285213287
US-DE,US-UT,0.0,3048.6832822436
US-WY,US-ID,1.0,610.1554258899193
US-VA,US-VT,0.0,941.8967126354298
US-LA,US-ME,0.0,2505.9041260274066
US-ND,US-AZ,0.0,1721.6849766752382
US-WI,US-WY,0.0,1493.054434257877
US-MS,US-OH,0.0,1067.6248270868814
US-TX,US-IL,0.0,1344.9467710500628
US-AR,US-WI,0.0,989.3280256844683
US-MO,US-OK,1.0,573.6840715227129
US-TX,US-WA,0.0,2483.314742470791
US-KY,US-NY,0.0,1042.585382086098
US-OK,US-UT,0.0,1328.3211563111604
US-NH,US-DE,0.0,580.1968550935754
US-CA,US-WY,0.0,1246.931413408145
US-MA,US-CA,0.0,4107.940733316235
US-RI,US-IA,0.0,1789.707901907718
US-DE,US-MI,0.0,1029.580124851234
US-MA,US-PA,0.0,499.8793944353103
US-NV,US-VT,0.0,3651.773881217998
US-NC,US-ID,0.0,3155.868908096269
US-MD,US-SD,0.0,2005.2105247835548
US-NM,US-WI,0.0,1700.7588473228575
US-WI,US-NH,0.0,1387.863156555546
US-TN,US-MO,1.0,541.143261235284
US-MI,US-CA,0.0,2954.1098463103626
US-NY,US-WY,0.0,2663.707191918199
US-CT,US-OH,0.0,833.9231028751894
US-MO,US-IL,1.0,363.15903776854685
US-TX,US-MT,0.0,1881.9330330190571
US-KY,US-GA,0.0,643.8556110594207
US-OK,US-MI,0.0,1425.0094915832035
US-CA,US-NH,0.0,4081.6593671146384
US-KY,US-UT,0.0,2328.9191364548783
US-WV,US-SD,0.0,1726.193062742733
US-NH,US-ME,1.0,284.9157324240453
US-KS,US-WA,0.0,2033.963690923019
US-MA,US-IA,0.0,1786.4819594965484
US-WA,US-AL,0.0,3314.4581549516533
US-DE,US-OH,0.0,653.273869839506
US-WY,US-CA,0.0,1246.931413408145
US-VA,US-OK,0.0,1672.869877727057
US-LA,US-GA,0.0,879.5422882664983
US-WI,US-DE,0.0,1230.4761351072596
US-GA,US-VT,0.0,1643.998186479066
US-ID,US-WI,0.0,2070.1726965485677
US-IL,US-KS,0.0,796.1957710215405
US-NY,US-NH,0.0,214.5896084725616
US-WI,US-SD,0.0,890.3771618905525
US-MS,US-MO,0.0,661.7453429681053
US-TN,US-PA,0.0,1033.0929723825632
US-AR,US-SC,0.0,988.604772322737
US-CA,US-DE,0.0,3823.959226557161
US-IL,US-WY,0.0,1503.5070538965506
US-VT,US-WA,0.0,3666.42258204432
US-MO,US-MT,0.0,1808.5478317043696
US-KY,US-MI,0.0,728.6242304695138
US-OR,US-AZ,0.0,1356.8274370253243
US-CA,US-SD,0.0,1830.33510928406
US-RI,US-CT,1.0,133.9405220708799
US-DE,US-ID,0.0,3284.3865970535567
US-VA,US-IL,0.0,992.9253886866104
US-GA,US-MN,0.0,1905.340377207244
US-NV,US-OK,0.0,1765.7710052309678
US-VA,US-WA,0.0,3580.7681606459146
US-MD,US-NY,0.0,514.5808947958086
US-ID,US-NV,1.0,601.9345001131765
US-NM,US-SC,0.0,2188.25216331463
US-NY,US-DE,0.0,500.1572704980935
US-WI,US-ME,0.0,1538.4792947928663
US-MS,US-CA,0.0,2780.6307967063217
US-TN,US-IA,0.0,904.9881262393998
US-AR,US-LA,1.0,440.8757018423149
US-IL,US-NH,0.0,1499.2461584814405
US-CT,US-MO,0.0,1648.3374765384692
US-MS,US-PA,0.0,1463.4159222523483
US-TX,US-KS,0.0,793.5936050707147
US-OK,US-ID,0.0,1812.1040533015052
US-CA,US-ME,0.0,4226.842577973941
US-WV,US-NY,0.0,739.663181232916
US-MA,US-CT,1.0,166.86772045327402
US-OH,US-WY,0.0,2037.0027296328044
US-FL,US-OH,0.0,1423.7376060064305
US-NV,US-IL,0.0,2310.9559610788874
US-VA,US-MT,0.0,2793.0838461572434
US-MD,US-GA,0.0,952.1078441752828
US-ME,US-TX,0.0,3004.692211089952
US-NM,US-LA,0.0,1268.726632508634
US-AL,US-MO,0.0,771.1115708427426
US-GA,US-OK,0.0,1350.4750944461452
US-MD,US-UT,0.0,2951.4033569979997
US-ID,US-SC,0.0,3092.2601895380167
US-IL,US-DE,0.0,1199.5215291495144
US-NY,US-ME,0.0,437.600231935196
US-CT,US-CA,0.0,3980.501194073208
US-MS,US-IA,0.0,1108.2718748557195
US-TN,US-NV,0.0,2657.393532855771
US-AR,US-NM,0.0,1200.486890572567
US-PA,US-OH,1.0,488.5627153106274
US-KY,US-ID,0.0,2634.402130652518
US-CO,US-SD,0.0,692.0209258293373
US-WV,US-GA,0.0,749.7467192518428
US-IA,US-WI,1.0,410.3502858638764
US-OH,US-NH,0.0,987.9754261837916
US-NE,US-MO,1.0,793.3578747607145
US-DE,US-CA,0.0,3823.959226557161
US-ME,US-MA,0.0,352.5752709329344
US-WV,US-UT,0.0,2637.665605778452
US-KS,US-WY,0.0,865.1022113843413
US-GA,US-IL,0.0,1106.3698726182276
US-NV,US-MT,0.0,1024.1847051745417
US-AZ,US-TX,0.0,1068.3309667325775
US-MD,US-MI,0.0,946.197621134084
US-ID,US-LA,0.0,2434.094852405029
US-WI,US-GA,0.0,1390.8849129036169
US-AL,US-PA,0.0,1311.2282137401955
US-TN,US-CT,0.0,1352.0484286260023
US-SD,US-VT,0.0,2166.615866070188
US-AR,US-FL,0.0,1287.0763770514266
US-ND,US-SD,1.0,407.3279664348059
US-IL,US-ME,0.0,1698.29944786316
US-UT,US-WI,0.0,1914.786886444185
US-CT,US-IA,0.0,1656.7403228917017
US-VT,US-KS,0.0,2224.121520247547
US-OK,US-CA,0.0,2016.069621422064
US-MN,US-NY,0.0,1648.389723026596
US-CA,US-GA,0.0,3365.7143961255656
US-IA,US-NV,0.0,1999.552128694012
US-OH,US-DE,0.0,653.273869839506
US-MT,US-OR,0.0,866.003346577164
US-VT,US-WY,0.0,2768.930658147827
US-WV,US-MI,0.0,766.5505245264052
US-KS,US-NH,0.0,2291.8722000431458
US-OH,US-SD,0.0,1451.7281558445331
US-FL,US-MO,0.0,1494.8617927693008
US-NE,US-PA,0.0,1890.3106050877277
US-AZ,US-MA,0.0,3556.130556191604
US-VA,US-KS,0.0,1737.4850167672275
US-ME,US-ND,0.0,2416.31540262926
US-NM,US-FL,0.0,2370.0624154629613
US-AL,US-IA,0.0,1195.772038201644
US-NJ,US-WA,0.0,3750.184601239954
US-GA,US-MT,0.0,2844.223706016316
US-SD,US-MN,1.0,510.03807887299047
US-ID,US-NM,0.0,1308.2074019345196
US-NY,US-GA,0.0,1453.739408705576
US-UT,US-NV,1.0,463.34229805348696
US-MS,US-CT,0.0,1771.814517701309
US-MI,US-TX,0.0,1851.5198076005463
US-AR,US-MA,0.0,1938.230269997572
US-VT,US-NH,1.0,171.8412932748283
US-PA,US-MO,0.0,1303.235302752092
US-CO,US-NY,0.0,2648.370950511424
US-MN,US-UT,0.0,1563.0038099085823
US-IA,US-SC,0.0,1375.0591207285595
US-KS,US-DE,0.0,1979.6054823525649
US-OH,US-ME,0.0,1220.2324427335925
US-FL,US-CA,0.0,3680.33153381588
US-MT,US-WV,0.0,2591.1105236697827
US-NE,US-IA,1.0,566.4969055218398
US-FL,US-PA,0.0,1556.1293275430214
US-NV,US-KS,0.0,1549.5506772566273
US-AZ,US-ND,0.0,1721.6849766752382
US-SC,US-OH,0.0,747.8940283275767
US-MD,US-ID,0.0,3189.7924752416984
US-WY,US-TX,0.0,1395.0269002492598
US-ID,US-FL,0.0,3470.581769152156
US-NM,US-MA,0.0,3013.393322281053
US-LA,US-WI,0.0,1425.0925733243482
US-AL,US-NV,0.0,2752.3739693979896
US-SD,US-OK,0.0,1025.065617767459
US-ND,US-NY,0.0,2131.630361989952
US-UT,US-SC,0.0,2727.9315579010954
US-VT,US-DE,0.0,673.913356159671
US-PA,US-CA,0.0,3646.139043805873
US-CO,US-GA,0.0,2211.617388794773
US-MN,US-MI,0.0,756.3415065705974
US-IA,US-LA,0.0,1185.391679644736
US-MT,US-NE,0.0,1025.494812104134
US-CO,US-UT,1.0,456.8116906903516
US-WV,US-ID,0.0,2904.593026494318
US-OR,US-SD,0.0,1650.8399624620672
US-KS,US-ME,0.0,2477.96708436418
US-FL,US-IA,0.0,1897.779763885765
US-NE,US-NV,0.0,1433.0552231721842
US-VA,US-DE,0.0,319.16549019555146
US-ME,US-MS,0.0,2235.5147894391484
US-AL,US-CT,0.0,1600.298192354033
US-WA,US-WY,0.0,1169.348268939464
US-SD,US-IL,0.0,939.209220343444
US-NC,US-TX,0.0,1969.5927049787024
US-ND,US-GA,0.0,2294.1538671962944
US-UT,US-LA,0.0,1934.7898143654447
US-MI,US-ND,0.0,1241.722478508062
US-IN,US-NJ,0.0,950.4078956095648
US-ND,US-UT,0.0,1223.3183660508178
US-MT,US-CO,0.0,895.165016622739
US-VT,US-ME,0.0,258.4913794895388
US-PA,US-IA,0.0,1323.813699565896
US-CO,US-MI,0.0,1746.0955737150052
US-MN,US-OH,0.0,1178.204156127062
US-IA,US-NM,0.0,1290.408723094759
US-OH,US-GA,0.0,918.4549058571074
US-MT,US-RI,0.0,3120.561503454945
US-NE,US-CT,0.0,2222.403999701732
US-ME,US-AR,0.0,2193.8431106007943
US-NH,US-WI,0.0,1387.863156555546
US-NJ,US-KS,0.0,2061.90060690728
US-MA,US-VA,0.0,830.663436921368
US-WA,US-NH,0.0,3801.934413938192
US-AZ,US-MS,0.0,2023.5382750053031
US-SC,US-MO,0.0,1064.0008568665314
US-MD,US-CA,0.0,3726.563543517632
US-NC,US-MA,0.0,989.5332658893508
US-WY,US-ND,0.0,699.1564457070026
US-LA,US-SC,0.0,1068.311588594484
US-NJ,US-WY,0.0,2738.5540109062235
US-SD,US-MT,1.0,877.3031242646913
US-ND,US-MI,0.0,1241.722478508062
US-UT,US-NM,1.0,722.4413384156737
US-MI,US-VA,0.0,961.9461926595924
US-MN,US-ID,0.0,1589.0812265799573
US-IN,US-TN,0.0,566.2307703367371
US-IA,US-FL,0.0,1897.779763885765
US-MT,US-KY,0.0,2353.114798264076
US-OR,US-NY,0.0,3684.763604122415
US-KS,US-GA,0.0,1598.4451218785814
US-NH,US-NV,0.0,3749.860963103709
US-FL,US-CT,0.0,1728.932147893495
US-WA,US-DE,0.0,3729.3466351877046
US-AZ,US-AR,0.0,1764.371926490395
US-RI,US-OR,0.0,3959.4232709987377
US-ME,US-IN,0.0,1412.9687566496975
US-DE,US-TX,0.0,2330.608359909132
US-NJ,US-NH,0.0,420.6741754806608
US-WA,US-SD,0.0,1661.9066911251368
US-SC,US-PA,0.0,890.5868781475543
US-NC,US-ND,0.0,2235.329751797639
US-WY,US-VA,0.0,2496.290208665574
US-UT,US-FL,0.0,3015.1065105241773
US-MI,US-MS,0.0,1370.0862608473667
US-IN,US-MD,0.0,783.2666179298774
US-PA,US-CT,0.0,345.3636388130608
US-MO,US-OH,0.0,815.6186241174556
US-CO,US-ID,0.0,895.7723428644271
US-OK,US-TX,1.0,426.6350606130031
US-IA,US-MA,0.0,1786.4819594965484
US-CA,US-WI,0.0,2695.0775545252063
US-OR,US-UT,0.0,930.786735279368
US-NH,US-SC,0.0,1331.899431188463
US-NJ,US-DE,1.0,159.84817506151862
US-MA,US-OR,0.0,3935.3685476265896
US-WA,US-ME,0.0,3863.363988225297
US-RI,US-WV,0.0,832.0612482498766
US-SC,US-IA,0.0,1375.0591207285595
US-WY,US-MS,0.0,1967.2948285824764
US-LA,US-NM,0.0,1268.726632508634
US-MI,US-AR,0.0,1143.9417480758636
US-SD,US-KS,0.0,563.7389398844919
US-IN,US-AL,0.0,922.790953544384
US-ND,US-ID,0.0,1131.3252662489458
US-UT,US-MA,0.0,3326.524328239429
US-NY,US-WI,0.0,1174.08633030571
US-MS,US-VA,0.0,1129.6045592147193
US-TX,US-MO,0.0,991.8242580995396
US-MN,US-CA,0.0,2316.963477462663
US-IN,US-NC,0.0,783.9082050663706
US-KY,US-TX,0.0,1565.1434885848494
US-OR,US-MI,0.0,2772.135800144819
US-NH,US-LA,0.0,2244.484994425173
US-MA,US-IN,0.0,1200.9718794519092
US-RI,US-NE,0.0,2355.078303719054
US-DE,US-ND,0.0,2262.721248316493
US-WY,US-AR,0.0,1591.088642048134
US-LA,US-FL,0.0,1102.8181914289914
US-NJ,US-ME,0.0,705.5743655979417
US-MA,US-WV,0.0,875.5823285856205
US-SC,US-NV,0.0,3186.3787744905767
US-NC,US-MS,0.0,1027.7016525667195
US-WI,US-SC,0.0,1287.0932331215092
US-TN,US-OR,0.0,3026.3814235134178
US-MI,US-IN,1.0,418.49680623409125
US-IL,US-WI,1.0,353.9987019944916
US-CT,US-VA,0.0,665.5878246452144
US-TX,US-PA,0.0,2263.1785983767054
US-KY,US-MA,0.0,1206.0816503648446
US-OK,US-ND,0.0,1432.0424405552235
US-CA,US-SC,0.0,3463.650188955892
US-RI,US-CO,0.0,2887.454815120284
US-OR,US-OH,0.0,3101.2289089566857
US-NH,US-NM,0.0,3006.3134081699013
US-MA,US-NE,0.0,2349.627873040301
US-WA,US-GA,0.0,3612.004873210824
US-SC,US-CT,0.0,1117.1508406988285
US-NC,US-AR,0.0,1160.980775201392
US-DE,US-VA,0.0,319.16549019555146
US-WY,US-IN,0.0,1813.957421186648
US-LA,US-MA,0.0,2216.567931291055
US-IL,US-NV,0.0,2310.9559610788874
US-NY,US-SC,0.0,1212.1707405491925
US-MS,US-OR,0.0,2985.9708441867942
US-TN,US-WV,0.0,642.237312692324
US-TX,US-IA,0.0,1255.9267477340225
US-CA,US-LA,0.0,2578.435410463456
US-MO,US-PA,0.0,1303.235302752092
US-KY,US-ND,0.0,1736.103206522804
US-OK,US-VA,0.0,1672.869877727057
US-OR,US-ID,1.0,466.225292031838
US-NH,US-FL,0.0,1944.2406633354703
US-MA,US-CO,0.0,2885.3107946504533
US-RI,US-KY,0.0,1169.256383144548
US-OH,US-WI,0.0,612.580796160641
US-DE,US-MS,0.0,1447.7467968267997
US-GA,US-OH,0.0,918.4549058571074
US-MD,US-TX,0.0,2239.9451859371006
US-ID,US-RI,0.0,3498.603575194634
US-NY,US-LA,0.0,2068.805609683601
US-WI,US-NM,0.0,1700.7588473228575
US-TN,US-NE,0.0,1333.8738761023671
US-IN,US-AZ,0.0,2358.112437260827
US-AR,US-NJ,0.0,1623.5808057161523
US-IL,US-SC,0.0,1049.1261616101517
US-CT,US-OR,0.0,3832.900906955666
US-MS,US-WV,0.0,1065.688487422908
US-MO,US-IA,1.0,448.3630480745292
US-TX,US-NV,0.0,1675.6240483492988
US-OK,US-MS,0.0,770.3655842169966
US-CA,US-NM,0.0,1310.3076624083903
US-DE,US-AR,0.0,1502.0991360085925
US-WV,US-TX,0.0,1907.99859490618
US-KS,US-WI,0.0,966.3398734110428
US-MA,US-KY,0.0,1206.0816503648446
US-FL,US-VA,0.0,1118.409350542728
US-NV,US-MO,0.0,2138.691504104562
US-VA,US-PA,0.0,437.8409947033188
US-NM,US-NJ,0.0,2745.5025110973097
US-WI,US-FL,0.0,1906.8924114274853
US-AL,US-OR,0.0,3183.085474257974
US-TN,US-CO,0.0,1747.712274335075
US-IL,US-LA,0.0,1072.6498509121286
US-NY,US-NM,0.0,2795.4701189609
US-CT,US-IN,0.0,1054.5522078546924
US-WI,US-TX,0.0,1633.138060579132
US-MS,US-NE,0.0,1377.7909988432134
US-TN,US-RI,0.0,1473.4038462560509
US-TX,US-CT,0.0,2603.0619013991127
US-OK,US-AR,1.0,479.0198177389552
US-AR,US-TN,1.0,477.4574657418338
US-CA,US-FL,0.0,3680.33153381588
US-CT,US-WV,0.0,709.81139650728
US-VT,US-WI,0.0,1293.5659198594758
US-PA,US-VA,0.0,437.8409947033188
US-KY,US-MS,0.0,767.5768207170771
US-OR,US-CA,1.0,787.1408412745096
US-OH,US-SC,0.0,747.8940283275767
US-NE,US-OR,0.0,1703.961456842827
US-DE,US-IN,0.0,880.1016136210925
US-VA,US-IA,0.0,1329.3463416982586
US-GA,US-MO,0.0,1036.7828010419032
US-NV,US-PA,0.0,3323.365828259907
US-VA,US-WI,0.0,1107.7968964770762
US-MD,US-ND,0.0,2174.209278628732
US-ID,US-NJ,0.0,3325.8744221295237
US-NM,US-TN,0.0,1674.3085475496453
US-NY,US-FL,0.0,1857.93448559973
US-WI,US-MA,0.0,1418.86846479289
US-MS,US-CO,0.0,1674.0574898527586
US-AL,US-WV,0.0,909.7048343132832
US-TN,US-KY,1.0,330.2889716330397
US-AR,US-MD,0.0,1410.9884086798463
US-IL,US-NM,0.0,1508.007147087397
US-CT,US-NE,0.0,2222.403999701732
US-MS,US-RI,0.0,1888.103838891265
US-MO,US-CT,0.0,1648.3374765384692
US-KY,US-AR,0.0,736.3648640684286
US-OK,US-IN,0.0,1181.6266876534678
US-MN,US-TX,0.0,1700.5120155405818
US-CA,US-MA,0.0,4107.940733316235
US-MT,US-WA,0.0,787.6940776814857
US-WV,US-ND,0.0,1934.432170980897
US-KS,US-SC,0.0,1649.86412765275
US-FL,US-OR,0.0,3906.0504008474527
US-GA,US-CA,0.0,3365.7143961255656
US-NE,US-WV,0.0,1682.6188784639455
US-NV,US-IA,0.0,1999.552128694012
US-AZ,US-NC,0.0,2918.116155147678
US-VA,US-NV,0.0,3283.526687768358
US-ME,US-VT,0.0,258.4913794895388
US-NM,US-MD,0.0,2550.551568719348
US-AL,US-NE,0.0,1538.4719555126633
US-GA,US-PA,0.0,1126.8328892057486
US-AR,US-AL,0.0,557.0329028508029
US-MD,US-VA,1.0,251.39368088042391
US-ID,US-TN,0.0,2571.339323425929
US-IL,US-FL,0.0,1612.442055797423
US-NY,US-MA,1.0,251.51483090181856
US-CT,US-CO,0.0,2754.1345894758565
US-MS,US-KY,0.0,767.5768207170771
US-AR,US-NC,0.0,1160.980775201392
US-VT,US-SC,0.0,1401.363102879553
US-PA,US-OR,0.0,3525.467418823944
US-CO,US-TX,0.0,995.5265301768994
US-KS,US-LA,0.0,1037.733016389995
US-OH,US-NM,0.0,2032.363349751697
US-FL,US-IN,0.0,1480.9896212552776
US-VA,US-CT,0.0,665.5878246452144
US-ME,US-MN,0.0,1948.4020011883504
US-NM,US-AL,0.0,1701.5444052739435
US-AL,US-CO,0.0,1875.3843680212285
US-FL,US-WV,0.0,1219.6525969995075
US-GA,US-IA,0.0,1407.4013696195414
US-WA,US-WI,0.0,2498.873471722816
US-AZ,US-VT,0.0,3476.477808146714
US-MD,US-MS,0.0,1369.2629965956105
US-ID,US-MD,0.0,3189.7924752416984
US-NM,US-NC,0.0,2353.471915856153
US-AL,US-RI,0.0,1710.0625430757336
US-ND,US-TX,0.0,1735.24278655165
US-CT,US-KY,0.0,1042.9002784334098
US-VT,US-LA,0.0,2256.286013490911
US-PA,US-IN,0.0,710.3243526134814
US-CO,US-MA,0.0,2885.3107946504533
US-MN,US-ND,1.0,486.2386972673435
US-IA,US-NJ,0.0,1579.1859896997212
US-OH,US-FL,0.0,1423.7376060064305
US-NE,US-CO,1.0,541.7869351969802
US-PA,US-WV,1.0,401.56319400245786
US-WV,US-MS,0.0,1065.688487422908
US-KS,US-NM,0.0,734.4543021927697
US-FL,US-NE,0.0,2270.7262282043903
US-NE,US-RI,0.0,2355.078303719054
US-NV,US-CT,0.0,3654.467965879142
US-AZ,US-MN,0.0,1971.9506384439176
US-VA,US-LA,0.0,1414.610406463755
US-MD,US-AR,0.0,1410.9884086798463
US-ME,US-OK,0.0,2594.5445728295936
US-ID,US-AL,0.0,2742.591838616027
US-AL,US-KY,0.0,658.9074890032998
US-NJ,US-WI,0.0,1257.998059971134
US-SD,US-MO,0.0,950.4231274859
US-ND,US-MA,0.0,2383.1447639201488
US-UT,US-NJ,0.0,3117.9065087627864
US-MI,US-VT,0.0,1033.351988850821
US-IN,US-SD,0.0,1234.7409926744022
US-MT,US-KS,0.0,1301.2656643923365
US-VT,US-NM,0.0,2947.915765002129
US-PA,US-NE,0.0,1890.3106050877277
US-CO,US-ND,0.0,969.0537394405064
US-WV,US-AR,0.0,1078.9215905558538
US-MN,US-VA,0.0,1673.4692578844802
US-IA,US-TN,0.0,904.9881262393998
US-KS,US-FL,0.0,2013.0882129718768
US-OH,US-MA,0.0,985.3708321502612
US-FL,US-CO,0.0,2594.4433282792343
US-MT,US-WY,1.0,487.0275167252093
US-NE,US-KY,0.0,1396.0286063322887
US-ME,US-IL,0.0,1698.29944786316
US-NJ,US-NV,0.0,3577.3330741487803
US-GA,US-CT,0.0,1364.0516165719237
US-WA,US-SC,0.0,3622.781840918278
US-AZ,US-OK,0.0,1285.9467643101866
US-SC,US-OR,0.0,3550.076205071835
US-MD,US-IN,0.0,783.2666179298774
US-WY,US-VT,0.0,2768.930658147827
US-TN,US-AL,1.0,356.9787230439887
US-MI,US-MN,0.0,756.3415065705974
US-SD,US-PA,0.0,1878.1101049132335
US-AR,US-AZ,0.0,1764.371926490395
US-UT,US-TN,0.0,2198.6233973034814
US-VT,US-FL,0.0,2039.8207589860967
US-PA,US-CO,0.0,2417.662359129534
US-MN,US-MS,0.0,1660.4635730387208
US-IA,US-MD,0.0,1424.998068637865
US-MT,US-NH,0.0,3043.857186531567
US-WV,US-IN,0.0,491.6510815216177
US-OR,US-TX,0.0,2229.432810428073
US-KS,US-MA,0.0,2305.255150958655
US-FL,US-KY,0.0,1160.1344132367872
US-WA,US-LA,0.0,3034.8555942660573
US-AZ,US-IL,0.0,2046.24853141051
US-RI,US-WA,0.0,3888.180784599591
US-ME,US-MT,0.0,3125.976709153258
US-WY,US-MN,0.0,1071.0900468767811
US-NM,US-AZ,1.0,564.7077982305963
US-LA,US-NJ,0.0,1873.3876430278697
US-NJ,US-SC,0.0,915.5700130170412
US-SC,US-WV,0.0,533.2595524056967
US-SD,US-IA,1.0,600.6089468706955
US-NC,US-VT,0.0,1120.2669418974467
US-UT,US-MD,0.0,2951.4033569979997
US-MI,US-OK,0.0,1425.0094915832035
US-MN,US-AR,0.0,1303.8745572508276
US-IN,US-NY,0.0,989.2263892324688
US-IA,US-AL,0.0,1195.772038201644
US-MT,US-DE,0.0,2945.2660125088514
US-VT,US-MA,1.0,257.94671766341986
US-PA,US-KY,0.0,712.5535615595651
US-CO,US-MS,0.0,1674.0574898527586
US-IA,US-NC,0.0,1394.0581085883884
US-NJ,US-LA,0.0,1873.3876430278697
US-MA,US-WA,0.0,3853.808461114872
US-WA,US-NM,0.0,1925.8745126014317
US-SC,US-NE,0.0,1850.632835280798
US-NC,US-MN,0.0,1783.7069879308035
US-WY,US-OK,0.0,1255.3280361107795
US-ID,US-AZ,0.0,1157.440108190885
US-UT,US-AL,0.0,2307.4430046335947
US-LA,US-TN,0.0,701.6597406388499
US-MI,US-IL,0.0,514.200091169716
US-SD,US-NV,0.0,1489.6076545199778
US-IN,US-GA,0.0,963.9072520692308
US-ND,US-MS,0.0,1953.0621204027127
US-UT,US-NC,0.0,2840.489322530688
US-TX,US-OR,0.0,2229.432810428073
US-CO,US-AR,0.0,1322.3513813509776
US-MN,US-IN,0.0,1001.8980131306392
US-IN,US-UT,0.0,2170.1150509166714
US-MT,US-ME,0.0,3125.976709153258
US-OR,US-ND,0.0,1570.406779251656
US-NH,US-NJ,0.0,420.6741754806608
US-MA,US-MT,0.0,3091.092566344189
US-WA,US-FL,0.0,4046.3770360584535
US-SC,US-CO,0.0,2276.9203710168663
US-DE,US-VT,0.0,673.913356159671
US-WY,US-IL,0.0,1503.5070538965506
US-LA,US-MD,0.0,1651.6295907277372
US-NJ,US-NM,0.0,2745.5025110973097
US-SC,US-RI,0.0,1209.8914390726648
US-SD,US-CT,0.0,2194.130441997184
US-NC,US-OK,0.0,1638.3011645419265
US-ND,US-AR,0.0,1569.4968886863992
US-TN,US-WA,0.0,3114.4153793550136
US-MI,US-MT,0.0,1939.1254714031625
US-IN,US-MI,1.0,418.49680623409125
US-MO,US-OR,0.0,2486.512058492601
US-TX,US-WV,0.0,1907.99859490618
US-CO,US-IN,0.0,1717.48245552034
US-KY,US-NC,0.0,521.469539498315
US-OK,US-VT,0.0,2336.053347558288
US-RI,US-KS,0.0,2298.6734833243845
US-DE,US-MN,0.0,1781.3832417022038
US-OR,US-VA,0.0,3567.163429375003
US-NH,US-TN,0.0,1543.4653395694902
US-NJ,US-FL,0.0,1525.1293904378288
US-WA,US-MA,0.0,3853.808461114872
US-RI,US-WY,0.0,2926.343090755652
US-SC,US-KY,0.0,525.8038324728799
US-NC,US-IL,0.0,1055.496880671445
US-WY,US-MT,1.0,487.0275167252093
US-LA,US-NC,0.0,1315.085559338226
US-ND,US-IN,0.0,1452.21896292263
US-IL,US-RI,0.0,1502.4823917600415
US-MS,US-WA,0.0,3136.6315566847784
US-TX,US-NE,0.0,1059.0150500491927
US-MN,US-CO,0.0,1201.186823713517
US-OK,US-MN,0.0,1318.8499203197182
US-IA,US-AZ,0.0,1796.6912082031922
US-CA,US-NJ,0.0,3896.712113000976
US-MT,US-GA,0.0,2844.223706016316
US-MO,US-WV,0.0,994.902730629148
US-KY,US-VT,0.0,1228.8819472315752
US-OR,US-MS,0.0,2985.9708441867942
US-NH,US-MD,0.0,626.6818481461415
US-MA,US-KS,0.0,2305.255150958655
US-RI,US-NH,0.0,179.61122490451046
US-DE,US-OK,0.0,1959.6457736500129
US-NJ,US-MA,0.0,363.4484052848899
US-GA,US-VA,0.0,703.0472485925338
US-NC,US-MT,0.0,2869.402143075407
US-UT,US-AZ,1.0,586.2262451353575
US-ID,US-WY,1.0,610.1554258899193
US-NY,US-NJ,1.0,360.7315881109689
US-WI,US-TN,0.0,938.367669168873
US-MI,US-KS,0.0,1219.7978540960385
US-IN,US-ID,0.0,2414.882371420846
US-AR,US-SD,0.0,1194.0384303132146
US-CT,US-WA,0.0,3767.805280662717
US-MO,US-NE,1.0,793.3578747607145
US-TX,US-RI,0.0,2731.95092113152
US-KY,US-MN,0.0,1305.896689579841
US-OR,US-AR,0.0,2627.0050989529927
US-NH,US-AL,0.0,1805.3744003745269
US-CA,US-TN,0.0,2937.334362638912
US-RI,US-DE,0.0,454.06717167914593
US-DE,US-IL,0.0,1199.5215291495144
US-NH,US-NC,0.0,1043.990627748398
US-MA,US-NH,1.0,88.83288719865784
US-NV,US-OR,1.0,654.4603440736364
US-WY,US-KS,0.0,865.1022113843413
US-VA,US-WV,1.0,204.0084806437052
US-LA,US-MN,0.0,1735.5214407692936
US-NM,US-SD,0.0,1092.462882122698
US-WI,US-MD,0.0,1140.1605516146928
US-AL,US-WA,0.0,3314.4581549516533
US-IL,US-NJ,0.0,1270.6753591193203
US-NY,US-TN,0.0,1367.4149262463216
US-CT,US-MT,0.0,2997.28480277399
US-MO,US-CO,0.0,1221.1436128456528
US-TN,US-WY,0.0,1963.2763098893847
US-TX,US-KY,0.0,1565.1434885848494
US-OK,US-IL,0.0,920.1901165712184
US-CA,US-MD,0.0,3726.563543517632
US-MO,US-RI,0.0,1780.8860465988123
US-KY,US-OK,0.0,1188.6072841936257
US-OR,US-IN,0.0,2881.0754948729923
US-MA,US-DE,0.0,522.750893324126
US-RI,US-ME,0.0,440.1917548363669
US-NE,US-WA,0.0,1782.9185135016546
US-DE,US-MT,0.0,2945.2660125088514
US-VA,US-NE,0.0,1873.6412311222132
US-LA,US-AZ,0.0,1798.5869774854627
US-GA,US-OR,0.0,3508.066548588797
US-NV,US-WV,0.0,3100.5934908995914
US-MD,US-VT,0.0,699.2327578091116
US-ID,US-SD,0.0,1185.0922689087952
US-NY,US-MD,0.0,514.5808947958086
US-WI,US-NC,0.0,1220.260583853488
US-MS,US-KS,0.0,1104.065248488619
US-TN,US-NH,0.0,1543.4653395694902
US-AR,US-NY,0.0,1758.5475582009676
US-IL,US-TN,0.0,619.919510175304
US-MS,US-WY,0.0,1967.2948285824764
US-MO,US-KY,1.0,663.4377952494775
US-TX,US-NJ,0.0,2452.550820910004
US-KY,US-IL,1.0,539.8463965289936
US-OK,US-MT,0.0,1722.7771392813695
US-CA,US-NC,0.0,3596.369075102942
US-WV,US-VT,0.0,931.1685609394142
US-FL,US-WA,0.0,4046.3770360584535
US-NV,US-NE,0.0,1433.0552231721842
US-AZ,US-UT,1.0,586.2262451353575
US-VA,US-RI,0.0,769.0811499210074
US-MD,US-MN,0.0,1694.497958602254
US-NM,US-NY,0.0,2795.4701189609
US-NY,US-AL,0.0,1649.2751239557697
US-TN,US-DE,0.0,1048.091640019209
US-GA,US-WV,0.0,749.7467192518428
US-IL,US-MD,0.0,1102.407430303551
US-NY,US-NC,0.0,933.6424932703698
US-CT,US-KS,0.0,2164.734008195905
US-MS,US-NH,0.0,1969.621439528628
US-TN,US-SD,0.0,1473.391951921665
US-AR,US-UT,0.0,1761.301602819154
US-PA,US-WA,0.0,3482.635568548775
US-KY,US-MT,0.0,2353.114798264076
US-WV,US-MN,0.0,1469.820782621533
US-NH,US-AZ,0.0,3544.42872968118
US-KS,US-NJ,0.0,2061.90060690728
US-OH,US-TN,0.0,632.7256790825098
US-NV,US-CO,0.0,920.1421908930504
US-VA,US-KY,1.0,496.2721812733226
US-ME,US-OH,0.0,1220.2324427335925
US-GA,US-NE,0.0,1829.204192255141
US-NV,US-RI,0.0,3786.733386338529
US-MD,US-OK,0.0,1865.8411623007903
US-ID,US-NY,0.0,3226.5077512899848
US-IL,US-AL,0.0,951.0109487563212
US-NM,US-UT,1.0,722.4413384156737
US-WI,US-MN,1.0,565.7631382279519
US-MS,US-DE,0.0,1447.7467968267997
US-AL,US-WY,0.0,2146.9561692477705
US-TN,US-ME,0.0,1804.3286883867088
US-AR,US-MI,0.0,1143.9417480758636
US-IL,US-NC,0.0,1055.496880671445
US-CT,US-NH,0.0,216.24682103451616
US-VT,US-NJ,0.0,522.4765121363987
US-MN,US-VT,0.0,1729.646516696113
US-IA,US-SD,1.0,600.6089468706955
US-OH,US-MD,0.0,556.958594022938
US-MT,US-WI,0.0,1715.4635336739602
US-WV,US-OK,0.0,1531.7491617824426
US-KS,US-TN,0.0,1121.721971042022
US-GA,US-CO,0.0,2211.617388794773
US-NE,US-WY,1.0,632.5449272415088
US-NV,US-KY,0.0,2792.205517946329
US-AZ,US-OH,0.0,2581.5408705271047
US-VA,US-NJ,0.0,470.2658013114972
US-MD,US-IL,0.0,1102.407430303551
US-ID,US-GA,0.0,3058.4719592675424
US-NM,US-MI,0.0,1953.7662437030049
US-WI,US-AZ,0.0,2202.470993090922
US-AL,US-NH,0.0,1805.3744003745269
US-GA,US-RI,0.0,1457.418749298359
US-SD,US-OR,0.0,1650.8399624620672
US-ID,US-UT,1.0,608.45045803895
US-UT,US-SD,0.0,1062.6430364820842
US-CT,US-DE,0.0,363.964753154518
US-MS,US-ME,0.0,2235.5147894391484
US-TX,US-AL,0.0,1223.785029221256
US-AR,US-OH,0.0,974.4133981273668
US-CA,US-AZ,1.0,812.7495769749092
US-VT,US-TN,0.0,1555.5189803984958
US-CO,US-VT,0.0,2777.342382209844
US-WV,US-IL,0.0,798.4090691571879
US-KS,US-MD,0.0,1882.223391288537
US-OH,US-NC,0.0,619.5227820711184
US-FL,US-KS,0.0,2013.0882129718768
US-NE,US-NH,0.0,2324.8269030324964
US-ME,US-MO,0.0,2021.329417411093
US-AL,US-DE,0.0,1261.144643216366
US-FL,US-WY,0.0,2878.1579689208825
US-GA,US-KY,0.0,643.8556110594207
US-SC,US-WA,0.0,3622.781840918278
US-MD,US-MT,0.0,2853.7181069518706
US-ID,US-MI,0.0,2311.1061054531774
US-NY,US-AZ,0.0,3331.638477849372
US-AL,US-SD,0.0,1719.3005858753888
US-TN,US-GA,1.0,504.5876202611267
US-SD,US-WV,0.0,1726.193062742733
US-AR,US-ID,0.0,2185.558938052581
US-ND,US-VT,0.0,2205.775510545697
US-VT,US-MD,0.0,699.2327578091116
US-PA,US-KS,0.0,1822.2697108451964
US-CO,US-MN,0.0,1201.186823713517
US-MN,US-OK,0.0,1318.8499203197182
US-IA,US-NY,0.0,1550.3143909374353
US-KS,US-AL,0.0,1282.3016342203955
US-MT,US-SC,0.0,2843.3304565224894
US-NE,US-DE,0.0,2082.812914186164
US-ME,US-CA,0.0,4226.842577973941
US-PA,US-WY,0.0,2476.8361724918013
US-WV,US-MT,0.0,2591.1105236697827
US-KS,US-NC,0.0,1753.748790447035
US-FL,US-NH,0.0,1944.2406633354703
US-AZ,US-MO,0.0,1782.8902180602165
US-ME,US-PA,0.0,772.0993395592834
US-NM,US-ID,0.0,1308.2074019345196
US-AL,US-ME,0.0,2079.1047174540413
US-SD,US-NE,1.0,275.42776744669607
US-ND,US-MN,1.0,486.2386972673435
US-IL,US-AZ,0.0,2046.24853141051
US-UT,US-NY,0.0,3086.148744866571
US-VT,US-AL,0.0,1840.86781278904
US-MN,US-IL,0.0,799.7643641779052
US-IN,US-TX,0.0,1594.84452728387
US-IA,US-GA,0.0,1407.4013696195414
US-MT,US-LA,0.0,2332.846807814441
US-VT,US-NC,0.0,1120.2669418974467
US-PA,US-NH,0.0,513.1510760020883
US-CO,US-OK,1.0,919.1809243779516
US-MN,US-WA,0.0,1960.880579344487
US-IA,US-UT,0.0,1542.7305980553526
US-OH,US-MN,0.0,1178.204156127062
US-FL,US-DE,0.0,1367.910688630495
US-NE,US-ME,0.0,2481.714932619368
US-AZ,US-CA,1.0,812.7495769749092
US-VA,US-AL,0.0,942.2421151538122
US-ME,US-IA,0.0,1934.914766894084
US-WA,US-TN,0.0,3114.4153793550136
US-SD,US-CO,0.0,692.0209258293373
US-NC,US-OH,0.0,619.5227820711184
US-UT,US-GA,0.0,2653.236025568446
US-MI,US-MO,0.0,877.3591285657163
US-SD,US-RI,0.0,2323.543628717749
US-IN,US-MA,0.0,1200.9718794519092
US-AR,US-CA,0.0,2479.545067437492
US-ND,US-OK,0.0,1432.0424405552235
US-PA,US-DE,1.0,291.7148241732468
US-CO,US-IL,0.0,1396.840833361345
US-MN,US-MT,0.0,1191.3097316600376
US-IA,US-MI,0.0,665.8445147110066
US-OH,US-AZ,0.0,2581.5408705271047
US-MT,US-NM,0.0,1396.8100426245069
US-OR,US-VT,0.0,3770.517290390145
US-NH,US-SD,0.0,2272.301349157128
US-FL,US-ME,0.0,2228.1430334418487
US-WA,US-MD,0.0,3638.579556717546
US-NV,US-AL,0.0,2752.3739693979896
US-AZ,US-IA,0.0,1796.6912082031922
US-RI,US-WI,0.0,1433.3129922150888
US-SC,US-KS,0.0,1649.86412765275
US-WY,US-MO,0.0,1422.1346822916846
US-NM,US-CA,0.0,1310.3076624083903
US-LA,US-NY,0.0,2068.805609683601
US-AL,US-GA,1.0,376.1629058392135
US-NJ,US-TN,0.0,1181.634128421024
US-SC,US-WY,0.0,2482.655383273032
US-SD,US-KY,0.0,1476.6654786426789
US-ND,US-IL,0.0,1202.1395152617804
US-UT,US-MI,0.0,2174.46275336616
US-MI,US-PA,0.0,768.1684280396291
US-IN,US-ND,0.0,1452.21896292263
US-MT,US-FL,0.0,3295.564734760779
US-PA,US-ME,0.0,772.0993395592834
US-MO,US-WA,0.0,2575.504156233674
US-CO,US-MT,0.0,895.165016622739
US-OR,US-MN,0.0,2040.888950024456
US-KS,US-AZ,0.0,1252.9873045028753
US-NE,US-GA,0.0,1829.204192255141
US-RI,US-NV,0.0,3786.733386338529
US-ME,US-CT,0.0,501.16228017717935
US-NJ,US-MD,0.0,222.285997625701
US-MA,US-WI,0.0,1418.86846479289
US-WA,US-NC,0.0,3656.057274052645
US-SC,US-NH,0.0,1331.899431188463
US-NC,US-MO,0.0,1164.9125201566665
US-WY,US-PA,0.0,2476.8361724918013
US-LA,US-UT,0.0,1934.7898143654447
US-MI,US-IA,0.0,665.8445147110066
US-ND,US-MT,1.0,710.4829471739182
US-VT,US-AZ,0.0,3476.477808146714
US-MN,US-KS,0.0,911.9905212876884
US-OK,US-OH,0.0,1383.0180316677263
US-IA,US-ID,0.0,1772.4765909338655
US-MT,US-MA,0.0,3091.092566344189
US-OR,US-OK,0.0,2229.933505425091
US-NH,US-NY,0.0,214.5896084725616
US-NJ,US-AL,0.0,1411.2920042576784
US-MA,US-NV,0.0,3778.5213669705513
US-AZ,US-CT,0.0,3412.595318209708
US-RI,US-SC,0.0,1209.8914390726648
US-SC,US-DE,0.0,756.6584320097516
US-NC,US-CA,0.0,3596.369075102942
US-WY,US-IA,0.0,1170.1301609344227
US-LA,US-MI,0.0,1561.6045339226994
US-NJ,US-NC,0.0,626.1517432498183
US-NC,US-PA,0.0,625.7661883841332
US-UT,US-ID,1.0,608.45045803895
US-NY,US-SD,0.0,2059.978234603316
US-TN,US-WI,0.0,938.367669168873
US-MI,US-NV,0.0,2619.689590040114
US-IN,US-MS,0.0,972.328596331309
US-TX,US-WY,0.0,1395.0269002492598
US-KY,US-OH,1.0,309.8141117382048
US-OR,US-IL,0.0,2574.293297968809
US-NH,US-GA,0.0,1578.390003319893
US-RI,US-LA,0.0,2168.774888189633
US-DE,US-MO,0.0,1422.0469454280874
US-NH,US-UT,0.0,3300.5759992382414
US-MA,US-SC,0.0,1279.0183613578988
US-WA,US-MN,0.0,1960.880579344487
US-SC,US-ME,0.0,1615.4970536478113
US-NV,US-WA,0.0,1054.271499944653
US-NC,US-IA,0.0,1394.0581085883884
US-WY,US-NV,0.0,901.3224131310294
US-LA,US-OH,0.0,1315.1081174507017
US-WI,US-NY,0.0,1174.08633030571
US-MI,US-CT,0.0,1060.8694659935677
US-IN,US-AR,0.0,807.5577793393182
US-IL,US-SD,0.0,939.209220343444
US-CT,US-PA,0.0,345.3636388130608
US-MS,US-WI,0.0,1272.047541225988
US-MO,US-KS,1.0,590.4595482661848
US-TX,US-NH,0.0,2772.4908103099265
US-OK,US-MO,1.0,573.6840715227129
US-IA,US-CA,0.0,2323.7721964593047
US-CA,US-NY,0.0,3867.2914022130017
US-MO,US-WY,0.0,1422.1346822916846
US-OR,US-MT,0.0,866.003346577164
US-NH,US-MI,0.0,1132.3159189358123
US-MA,US-LA,0.0,2216.567931291055
US-WA,US-AZ,0.0,1722.737472816313
US-RI,US-NM,0.0,2999.3664165819305
US-DE,US-PA,1.0,291.7148241732468
US-WY,US-CT,0.0,2796.420548822945
US-LA,US-ID,0.0,2434.094852405029
US-GA,US-WA,0.0,3612.004873210824
US-WI,US-UT,0.0,1914.786886444185
US-MS,US-NV,0.0,2536.079709982838
US-TN,US-SC,0.0,529.3413678624715
US-TX,US-DE,0.0,2330.608359909132
US-AR,US-TX,1.0,829.0901958311174
US-CT,US-WI,0.0,1303.7544264762062
US-MO,US-NH,0.0,1801.7019925520456
US-TX,US-SD,0.0,1334.442817495889
US-KY,US-MO,1.0,663.4377952494775
US-OK,US-PA,0.0,1867.0134131790533
US-CA,US-UT,0.0,781.4273048907097
US-RI,US-FL,0.0,1796.4077926957975
US-DE,US-IA,0.0,1521.164306023583
US-NJ,US-AZ,0.0,3299.3553878527623
US-MA,US-NM,0.0,3013.393322281053
US-SC,US-GA,1.0,247.5297792637537
US-NC,US-CT,0.0,828.5837214617594
US-VA,US-WY,0.0,2496.290208665574
US-MD,US-OH,0.0,556.958594022938
US-NM,US-TX,1.0,581.2809458290939
US-WI,US-MI,1.0,261.30925020796127
US-AL,US-WI,0.0,1285.5305407722672
US-TN,US-LA,0.0,701.6597406388499
US-IL,US-NY,0.0,1287.6592848806451
US-NY,US-UT,0.0,3086.148744866571
US-CT,US-NV,0.0,3654.467965879142
US-MS,US-SC,0.0,784.3604858405838
US-MO,US-DE,0.0,1422.0469454280874
US-TX,US-ME,0.0,3004.692211089952
US-KY,US-CA,0.0,3092.386208121576
US-OK,US-IA,0.0,839.1829994372198
US-CA,US-MI,0.0,2954.1098463103626
US-KY,US-PA,0.0,712.5535615595651
US-OR,US-KS,0.0,1909.6418406500936
US-WV,US-OH,1.0,291.8665903904188
US-NH,US-ID,0.0,3435.489337930416
US-KS,US-SD,0.0,563.7389398844919
US-MA,US-FL,0.0,1877.7694487370695
US-RI,US-MA,1.0,92.30564209206712
US-NE,US-WI,0.0,943.3253454831066
US-DE,US-NV,0.0,3510.3795273861483
US-VA,US-NH,0.0,877.6192479080382
US-ME,US-VA,0.0,1159.4269557028445
US-LA,US-CA,0.0,2578.435410463456
US-NV,US-WY,0.0,901.3224131310294
US-ID,US-TX,0.0,1865.1390836915384
US-IL,US-GA,0.0,1106.3698726182276
US-NY,US-MI,0.0,919.752173744082
US-WI,US-OH,0.0,612.580796160641
US-MS,US-LA,1.0,287.3859264491936
US-TN,US-NM,0.0,1674.3085475496453
US-AR,US-ND,0.0,1569.4968886863992
US-IL,US-UT,0.0,1849.6700935370563
US-CT,US-SC,0.0,1117.1508406988285
US-VT,US-SD,0.0,2166.615866070188
US-MO,US-ME,0.0,2021.329417411093
US-KY,US-IA,0.0,876.4963310542963
US-OK,US-NV,0.0,1765.7710052309678
US-CA,US-OH,0.0,3175.871834910229
US-OH,US-NY,0.0,787.2384185524024
US-DE,US-CT,0.0,363.964753154518
US-FL,US-WI,0.0,1906.8924114274853
US-GA,US-KS,0.0,1598.4451218785814
US-NV,US-NH,0.0,3749.860963103709
US-AZ,US-VA,0.0,2937.040969436475
US-VA,US-SD,0.0,1925.895597177989
US-MD,US-MO,0.0,1325.7260215709475
US-ID,US-MA,0.0,3476.504128895061
US-NM,US-ND,0.0,1438.1605517454673
US-WI,US-ID,0.0,2070.1726965485677
US-AL,US-SC,0.0,560.5960881207055
US-TN,US-FL,0.0,995.8672119010088
US-GA,US-WY,0.0,2453.8253999356507
US-SD,US-WA,0.0,1661.9066911251368
US-IL,US-MI,0.0,514.200091169716
US-NY,US-OH,0.0,787.2384185524024
US-CT,US-LA,0.0,2050.270499048897
US-MS,US-NM,0.0,1474.2335247104936
US-TX,US-GA,0.0,1599.9479350604674
US-OK,US-CT,0.0,2210.526224496068
US-AR,US-VA,0.0,1205.116677956219
US-CA,US-ID,0.0,901.68839252871
US-PA,US-WI,0.0,991.9383664168216
US-WV,US-MO,0.0,994.902730629148
US-KS,US-NY,0.0,2078.815165322655
US-OH,US-UT,0.0,2398.4281875765573
US-FL,US-NV,0.0,3449.041580288118
US-NE,US-SC,0.0,1850.632835280798
US-NV,US-DE,0.0,3510.3795273861483
US-VA,US-ME,0.0,1159.4269557028445
US-ME,US-OR,0.0,3985.807928308389
US-AL,US-LA,0.0,509.666543937041
US-GA,US-NH,0.0,1578.390003319893
US-NV,US-SD,0.0,1489.6076545199778
US-MD,US-PA,1.0,244.47735012641863
US-ID,US-ND,0.0,1131.3252662489458
US-NM,US-VA,0.0,2374.539052037827
US-NY,US-ID,0.0,3226.5077512899848
US-MS,US-FL,0.0,920.4276771952348
US-TN,US-MA,0.0,1517.6978806169298
US-AR,US-MS,1.0,388.2362330730239
US-CT,US-NM,0.0,2865.9003674403607
US-VT,US-NY,1.0,191.98408337576808
US-PA,US-NV,0.0,3323.365828259907
US-KY,US-CT,0.0,1042.9002784334098
US-CO,US-OH,0.0,1945.904698114372
US-WV,US-CA,0.0,3408.767185255433
US-IA,US-TX,0.0,1255.9267477340225
US-OH,US-MI,1.0,486.6091643305578
US-NE,US-LA,0.0,1333.099998718487
US-WV,US-PA,1.0,401.56319400245786
US-KS,US-UT,0.0,1086.740572945733
US-FL,US-SC,0.0,687.0355242009373
US-GA,US-DE,0.0,1004.134565925932
US-NV,US-ME,0.0,3889.160901637302
US-AZ,US-OR,0.0,1356.8274370253243
US-VA,US-NY,0.0,752.8219603666186
US-MD,US-IA,0.0,1424.998068637865
US-ME,US-WV,0.0,1171.7704488679497
US-NM,US-MS,0.0,1474.2335247104936
US-WI,US-CA,0.0,2695.0775545252063
US-AL,US-NM,0.0,1701.5444052739435
US-ND,US-OH,0.0,1645.1563942485463
US-IL,US-ID,0.0,2108.667415952353
US-UT,US-TX,0.0,1298.6477573028108
US-CT,US-FL,0.0,1728.932147893495
US-VT,US-GA,0.0,1643.998186479066
US-MN,US-MO,0.0,1002.2940719695428
US-MT,US-NJ,0.0,2970.826173889355
US-VT,US-UT,0.0,3207.811946383832
US-PA,US-SC,0.0,890.5868781475543
US-WV,US-IA,0.0,1132.155175631784
US-KS,US-MI,0.0,1219.7978540960385
US-FL,US-LA,0.0,1102.8181914289914
US-NE,US-NM,0.0,851.8950516622441
US-AZ,US-IN,0.0,2358.112437260827
US-VA,US-GA,0.0,703.0472485925338
US-ME,US-NE,0.0,2481.714932619368
US-NM,US-AR,0.0,1200.486890572567
US-AL,US-FL,1.0,732.4632447353401
US-NJ,US-SD,0.0,2141.737929781941
US-GA,US-ME,0.0,1861.5159137797036
US-AZ,US-WV,0.0,2777.744644877696
US-SC,US-WI,0.0,1287.0932331215092
US-NC,US-VA,1.0,188.71175075407288
US-ID,US-MS,0.0,2553.3357481701278
US-NY,US-CA,0.0,3867.2914022130017
US-MI,US-OR,0.0,2772.135800144819
US-SD,US-WY,1.0,603.7289573148825
US-AR,US-IN,0.0,807.5577793393182
US-VT,US-MI,0.0,1033.351988850821
US-PA,US-LA,0.0,1734.7365330553655
US-CO,US-MO,0.0,1221.1436128456528
US-MN,US-PA,0.0,1524.5088976289776
US-IA,US-ND,0.0,886.8612078578215
US-OH,US-ID,0.0,2635.032528845238
US-MT,US-TN,0.0,2342.5779677421924
US-NE,US-FL,0.0,2270.7262282043903
US-ME,US-CO,0.0,3023.3381850058736
US-FL,US-NM,0.0,2370.0624154629613
US-WA,US-NY,0.0,3602.460697567589
US-NV,US-GA,0.0,3104.470999235882
US-AZ,US-NE,0.0,1283.674049351261
US-ME,US-RI,0.0,440.1917548363669
US-MD,US-CT,0.0,414.19875173546654
US-WY,US-OR,0.0,1072.803319548595
US-ID,US-AR,0.0,2185.558938052581
US-NM,US-IN,0.0,1812.4882960905331
US-LA,US-TX,1.0,738.8076658482911
US-AL,US-MA,0.0,1766.990378130856
US-SD,US-NH,0.0,2272.301349157128
US-ND,US-MO,0.0,1300.6795730067486
US-UT,US-ND,0.0,1223.3183660508178
US-CO,US-CA,0.0,1229.9671367958574
US-MI,US-WV,0.0,766.5505245264052
US-MN,US-IA,1.0,554.0411536140765
US-IN,US-VT,0.0,1154.4809722069926
US-MT,US-MD,0.0,2853.7181069518706
US-PA,US-NM,0.0,2520.702802415608
US-CO,US-PA,0.0,2417.662359129534
US-WV,US-CT,0.0,709.81139650728
US-IA,US-VA,0.0,1329.3463416982586
US-KS,US-ID,0.0,1462.060112009248
US-NE,US-MA,0.0,2349.627873040301
US-AZ,US-CO,1.0,772.8701238654832
US-ME,US-KY,0.0,1480.1560954512706
US-NJ,US-NY,1.0,360.7315881109689
US-WA,US-UT,0.0,1215.9842667232429
US-SD,US-DE,0.0,2099.527410763672
US-NC,US-OR,0.0,3619.67776309657
US-ND,US-CA,0.0,1925.186927601856
US-WY,US-WV,0.0,2301.3184610883804
US-MI,US-NE,0.0,1204.4683872722326
US-IN,US-MN,0.0,1001.8980131306392
US-ND,US-PA,0.0,2009.709016124079
US-MT,US-AL,0.0,2563.6233291072376
US-VT,US-ID,0.0,3317.272206515492
US-PA,US-FL,0.0,1556.1293275430214
US-TX,US-WI,0.0,1633.138060579132
US-CO,US-IA,0.0,1098.8337399947775
US-MN,US-NV,0.0,1972.0821583183767
US-IA,US-MS,0.0,1108.2718748557195
US-OH,US-CA,0.0,3175.871834910229
US-MT,US-NC,0.0,2869.402143075407
US-NH,US-TX,0.0,2772.4908103099265
US-NJ,US-GA,0.0,1162.904040290627
US-MA,US-RI,1.0,92.30564209206712
US-WA,US-MI,0.0,2715.439717371133
US-AZ,US-KY,0.0,2442.53128486262
US-SC,US-LA,0.0,1068.311588594484
US-NC,US-IN,0.0,783.9082050663706
US-WY,US-NE,1.0,632.5449272415088
US-LA,US-ND,0.0,1963.3189624911388
US-NJ,US-UT,0.0,3117.9065087627864
US-MI,US-CO,0.0,1746.0955737150052
US-SD,US-ME,0.0,2400.736539996489
US-NC,US-WV,0.0,340.2301606978829
US-ND,US-IA,0.0,886.8612078578215
US-UT,US-MS,0.0,2096.858305387769
US-MI,US-RI,0.0,1187.5091052435473
US-MN,US-CT,0.0,1807.7515978443012
US-IN,US-OK,0.0,1181.6266876534678
US-IA,US-AR,0.0,750.5365640238431
US-MO,US-WI,0.0,695.8092826456151
US-KY,US-VA,1.0,496.2721812733226
US-OR,US-MO,0.0,2486.512058492601
US-KS,US-CA,0.0,1849.4322030886744
US-NH,US-MA,1.0,88.83288719865784
US-RI,US-NJ,0.0,298.8877458316408
US-DE,US-OR,0.0,3750.32582559303
US-WY,US-CO,1.0,411.7829980531055
US-NJ,US-MI,0.0,1035.5983396007946
US-WA,US-OH,0.0,3096.140840441636
US-SC,US-NM,0.0,2188.25216331463
US-NC,US-NE,0.0,1916.9979500569748
US-WY,US-RI,0.0,2926.343090755652
US-UT,US-AR,0.0,1761.301602819154
US-LA,US-VA,0.0,1414.610406463755
