economy,,gdp,total_population,urban_population(%_of_total)
ARG,YR1995,348389357874.283,34946110.0,88.164
ARG,YR1996,367643757074.802,35389362.0,88.366
ARG,YR1997,397463514160.866,35815971.0,88.564
ARG,YR1998,412766570325.764,36233195.0,88.759
ARG,YR1999,398792535409.293,36653031.0,88.952
ARG,YR2000,395646066535.875,37070774.0,89.142
ARG,YR2001,378202665751.853,37480493.0,89.329
ARG,YR2002,336999433710.193,37885028.0,89.51
ARG,YR2003,366780211148.674,38278164.0,89.686
ARG,YR2004,399898899166.738,38668796.0,89.86
ARG,YR2005,435296589745.339,39070501.0,90.031
ARG,YR2006,470325565798.353,39476851.0,90.2
ARG,YR2007,512690850741.56,39876111.0,90.366
ARG,YR2008,533491913656.279,40273769.0,90.53
ARG,YR2009,501917060966.235,40684338.0,90.691
ARG,YR2010,552738161802.463,40788453.0,90.849
ARG,YR2011,585924294024.785,41261490.0,90.99
ARG,YR2012,579910247223.428,41733271.0,91.121
ARG,YR2013,593858966307.156,42202935.0,91.249
ARG,YR2014,578937574935.696,42669500.0,91.377
ARG,YR2015,594749285413.212,43131966.0,91.503
ARG,YR2016,582376550428.09,43590368.0,91.627
ARG,YR2017,598790850843.677,44044811.0,91.749
ARG,YR2018,583118120294.002,44494502.0,91.87
AUS,YR1995,709324689028.176,18004882.0,84.898
AUS,YR1996,736682216065.674,18224767.0,84.767
AUS,YR1997,765507379138.636,18423037.0,84.636
AUS,YR1998,800822966576.12,18607584.0,84.503
AUS,YR1999,840514351519.241,18812264.0,84.37
AUS,YR2000,873304256772.879,19028802.0,84.235
AUS,YR2001,891132041285.544,19274701.0,84.1
AUS,YR2002,926720200168.456,19495210.0,84.222
AUS,YR2003,955554155868.69,19720737.0,84.343
AUS,YR2004,995846370342.055,19932722.0,84.463
AUS,YR2005,1027252902238.25,20176844.0,84.582
AUS,YR2006,1055406162043.85,20450966.0,84.7
AUS,YR2007,1095278528564.99,20827622.0,84.822
AUS,YR2008,1134361024069.53,21249199.0,84.943
AUS,YR2009,1155579099114.44,21691653.0,85.063
AUS,YR2010,1181077718202.88,22031750.0,85.182
AUS,YR2011,1209321835156.96,22340024.0,85.3
AUS,YR2012,1256509667568.29,22733465.0,85.402
AUS,YR2013,1288911964503.03,23128129.0,85.502
AUS,YR2014,1322153224623.29,23475686.0,85.602
AUS,YR2015,1350615691821.28,23815995.0,85.701
AUS,YR2016,1387494901475.28,24190907.0,85.8
AUS,YR2017,1419160083157.06,24594202.0,85.904
AUS,YR2018,1460075108728.85,24966643.0,86.012
AUT,YR1995,268576168421.57,7948278.0,61.596
AUT,YR1996,274886456416.226,7959017.0,61.32
AUT,YR1997,280641477589.641,7968041.0,61.045
AUT,YR1998,290692443914.523,7976789.0,60.768
AUT,YR1999,301030430129.082,7992324.0,60.491
AUT,YR2000,311192381028.414,8011566.0,60.213
AUT,YR2001,315135711888.113,8042293.0,59.934
AUT,YR2002,320340348097.004,8081957.0,59.655
AUT,YR2003,323356259321.687,8121423.0,59.375
AUT,YR2004,332200441760.824,8171966.0,59.094
AUT,YR2005,339655236682.676,8227829.0,58.813
AUT,YR2006,351387070656.34,8268641.0,58.532
AUT,YR2007,364484726093.492,8295487.0,58.249
AUT,YR2008,369807747327.812,8321496.0,57.966
AUT,YR2009,355886045571.664,8343323.0,57.683
AUT,YR2010,362424005611.476,8363404.0,57.399
AUT,YR2011,373016924602.914,8391643.0,57.115
AUT,YR2012,375555101767.152,8429991.0,57.147
AUT,YR2013,375650886015.0,8479823.0,57.336
AUT,YR2014,378134963330.691,8546356.0,57.526
AUT,YR2015,381971148530.543,8642699.0,57.715
AUT,YR2016,389570224508.691,8736668.0,57.905
AUT,YR2017,398368950204.699,8797566.0,58.094
AUT,YR2018,408030932405.258,8840521.0,58.297
BDI,YR1995,2100894502.07675,5932783.0,7.211
BDI,YR1996,1932822941.95387,5930507.0,7.412
BDI,YR1997,1902091057.23753,5923862.0,7.618
BDI,YR1998,1992440382.36304,6035340.0,7.83
BDI,YR1999,1972316734.57094,6180180.0,8.036
BDI,YR2000,1955416661.35412,6307659.0,8.246
BDI,YR2001,1995616256.07614,6465729.0,8.461
BDI,YR2002,2084351720.29655,6648938.0,8.682
BDI,YR2003,2058844925.50565,6860846.0,8.908
BDI,YR2004,2158362443.18037,7120496.0,9.139
BDI,YR2005,2177787705.18846,7388874.0,9.375
BDI,YR2006,2295688931.57302,7658190.0,9.617
BDI,YR2007,2374934932.67622,7944609.0,9.864
BDI,YR2008,2490397533.00674,8278109.0,10.118
BDI,YR2009,2585350049.54976,8709366.0,10.376
BDI,YR2010,2717827522.50394,9126605.0,10.642
BDI,YR2011,2827426634.86236,9455733.0,10.915
BDI,YR2012,2953153994.04242,9795479.0,11.194
BDI,YR2013,3098572904.69968,10149577.0,11.482
BDI,YR2014,3229972543.2146,10494913.0,11.776
BDI,YR2015,3104003611.42957,10727148.0,12.078
BDI,YR2016,3085379561.54199,10903327.0,12.388
BDI,YR2017,3100806498.30043,11155593.0,12.706
BDI,YR2018,3150727480.46183,11493472.0,13.032
BFA,YR1995,3685636766.66074,10353263.0,15.131
BFA,YR1996,4091600216.47068,10621210.0,15.407
BFA,YR1997,4350059840.1554,10897353.0,15.875
BFA,YR1998,4667950017.22733,11201063.0,16.51
BFA,YR1999,5013156021.43868,11533554.0,17.166
BFA,YR2000,5107828163.92166,11882888.0,17.844
BFA,YR2001,5445629565.17945,12249764.0,18.54
BFA,YR2002,5682675850.46101,12632269.0,19.258
BFA,YR2003,6126066286.40807,13030591.0,19.996
BFA,YR2004,6400419232.9076,13445977.0,20.757
BFA,YR2005,6954815432.94898,13876127.0,21.537
BFA,YR2006,7389711495.72987,14316242.0,22.339
BFA,YR2007,7693530543.6276,14757074.0,22.996
BFA,YR2008,8139754679.75346,15197915.0,23.534
BFA,YR2009,8380850213.3838,15650022.0,24.079
BFA,YR2010,9088720420.95919,16116845.0,24.633
BFA,YR2011,9690626621.56382,16602651.0,25.196
BFA,YR2012,10315931008.977,17113732.0,25.767
BFA,YR2013,10913490065.2338,17636408.0,26.346
BFA,YR2014,11385699931.5135,18169842.0,26.934
BFA,YR2015,11832159275.603,18718019.0,27.53
BFA,YR2016,12537116569.2425,19275498.0,28.134
BFA,YR2017,13314855268.0876,19835858.0,28.743
BFA,YR2018,14194244080.5891,20392723.0,29.358
BLZ,YR1995,1022231221.71946,203556.0,46.425
BLZ,YR1996,1032733597.28507,209840.0,46.214
BLZ,YR1997,1069741968.32579,217117.0,46.003
BLZ,YR1998,1111751470.58824,224907.0,45.793
BLZ,YR1999,1211273981.90045,232733.0,45.582
BLZ,YR2000,1368809615.38462,240406.0,45.398
BLZ,YR2001,1437825226.24434,248100.0,45.381
BLZ,YR2002,1511341855.20362,255987.0,45.364
BLZ,YR2003,1652373755.65611,263998.0,45.347
BLZ,YR2004,1728891063.34842,272128.0,45.33
BLZ,YR2005,1766899660.63348,280375.0,45.313
BLZ,YR2006,1847917986.42534,288729.0,45.296
BLZ,YR2007,1908431674.20814,297173.0,45.279
BLZ,YR2008,1879425113.12217,305671.0,45.262
BLZ,YR2009,1870923190.04525,314171.0,45.245
BLZ,YR2010,1894428506.78733,322106.0,45.228
BLZ,YR2011,1892428054.29864,329538.0,45.228
BLZ,YR2012,1965444570.13575,337059.0,45.246
BLZ,YR2013,2054464705.88235,344688.0,45.282
BLZ,YR2014,2138483710.40724,352335.0,45.335
BLZ,YR2015,2210500000.0,359871.0,45.406
BLZ,YR2016,2213000565.61086,367313.0,45.495
BLZ,YR2017,2175492081.44796,374693.0,45.601
BLZ,YR2018,2199497511.31222,382066.0,45.724
BOL,YR1995,14637304820.8066,7841471.0,59.15
BOL,YR1996,15275687736.6638,7989367.0,59.682
BOL,YR1997,16032477194.0665,8137619.0,60.212
BOL,YR1998,16838807348.2396,8286928.0,60.739
BOL,YR1999,16910689762.1471,8439052.0,61.264
BOL,YR2000,17334777867.8778,8592656.0,61.787
BOL,YR2001,17626660706.3223,8746084.0,62.306
BOL,YR2002,18064782945.5637,8900583.0,62.783
BOL,YR2003,18554580602.0356,9057378.0,63.248
BOL,YR2004,19328918095.8879,9216279.0,63.711
BOL,YR2005,20183533283.647,9377388.0,64.17
BOL,YR2006,21151739156.1698,9542663.0,64.628
BOL,YR2007,22117185810.8083,9711152.0,65.082
BOL,YR2008,23477060510.312,9880593.0,65.535
BOL,YR2009,24265185331.7026,10051317.0,65.984
BOL,YR2010,25266542216.5478,10223270.0,66.43
BOL,YR2011,26581436430.6683,10396246.0,66.874
BOL,YR2012,27943010858.0135,10569697.0,67.315
BOL,YR2013,29842021069.2817,10743349.0,67.699
BOL,YR2014,31471565371.8699,10916987.0,68.047
BOL,YR2015,33000198248.3362,11090085.0,68.393
BOL,YR2016,34407300577.8681,11263015.0,68.738
BOL,YR2017,35850757819.7381,11435533.0,69.08
BOL,YR2018,37364958855.9519,11606905.0,69.425
BRA,YR1995,1066860123057.74,163515328.0,77.61
BRA,YR1996,1090425612783.91,166037122.0,78.302
BRA,YR1997,1127443882933.16,168546707.0,79.048
BRA,YR1998,1131255747038.65,171039804.0,79.781
BRA,YR1999,1136549317651.98,173486281.0,80.496
BRA,YR2000,1186420527155.95,175873720.0,81.192
BRA,YR2001,1202910543363.1,178211881.0,81.553
BRA,YR2002,1239640958003.7,180476685.0,81.88
BRA,YR2003,1253783141526.78,182629278.0,82.203
BRA,YR2004,1326000607099.75,184722043.0,82.521
BRA,YR2005,1368460897672.78,186797334.0,82.834
BRA,YR2006,1422679163956.12,188820682.0,83.143
BRA,YR2007,1509033948357.92,190779453.0,83.448
BRA,YR2008,1585907087042.63,192672317.0,83.749
BRA,YR2009,1583911825584.01,194517549.0,84.044
BRA,YR2010,1703152284574.41,196353492.0,84.335
BRA,YR2011,1770842762050.66,198185302.0,84.631
BRA,YR2012,1804863767940.85,199977707.0,84.923
BRA,YR2013,1859096723592.52,201721767.0,85.209
BRA,YR2014,1868465748247.72,203459650.0,85.492
BRA,YR2015,1802214373741.32,205188205.0,85.77
BRA,YR2016,1743175328356.73,206859578.0,86.042
BRA,YR2017,1766235255333.29,208504960.0,86.309
BRA,YR2018,1797739006514.93,210166592.0,86.569
CAF,YR1995,1567392304.99919,3276706.0,37.231
CAF,YR1996,1504695155.69416,3363570.0,37.312
CAF,YR1997,1584443036.21582,3458472.0,37.394
CAF,YR1998,1658914114.82883,3555064.0,37.475
CAF,YR1999,1718634606.64694,3655360.0,37.557
CAF,YR2000,1675850359.21904,3759170.0,37.639
CAF,YR2001,1750672704.2313,3844773.0,37.72
CAF,YR2002,1813986521.21501,3930648.0,37.802
CAF,YR2003,1716076866.86578,4026841.0,37.884
CAF,YR2004,1818953688.29765,4115138.0,37.966
CAF,YR2005,1835473616.95542,4208834.0,38.069
CAF,YR2006,1923045631.27357,4294352.0,38.193
CAF,YR2007,2011650629.00283,4375569.0,38.339
CAF,YR2008,2052972567.42054,4467233.0,38.506
CAF,YR2009,2229266668.2677,4564540.0,38.694
CAF,YR2010,2332499960.04546,4660067.0,38.904
CAF,YR2011,2430339361.11484,4732022.0,39.135
CAF,YR2012,2553162910.07711,4773306.0,39.388
CAF,YR2013,1624016448.55729,4802428.0,39.663
CAF,YR2014,1625333047.06112,4798734.0,39.959
CAF,YR2015,1695825708.45604,4819333.0,40.277
CAF,YR2016,1776382802.68262,4904177.0,40.618
CAF,YR2017,1856804594.29617,4996741.0,40.98
CAF,YR2018,1927167157.0247,5094780.0,41.364
CAN,YR1995,,29302311.0,77.675
CAN,YR1996,,29610218.0,77.951
CAN,YR1997,1012649704327.9,29905948.0,78.34
CAN,YR1998,1052104074305.43,30155173.0,78.724
CAN,YR1999,1106423298897.52,30401286.0,79.103
CAN,YR2000,1163709866262.96,30685730.0,79.478
CAN,YR2001,1184539957269.95,31020902.0,79.81
CAN,YR2002,1220289971518.14,31360079.0,79.888
CAN,YR2003,1242273716666.7,31644028.0,79.967
CAN,YR2004,1280622467897.33,31940655.0,80.045
CAN,YR2005,1321656178498.24,32243753.0,80.122
CAN,YR2006,1356472617613.53,32571174.0,80.213
CAN,YR2007,1384543596091.58,32889025.0,80.396
CAN,YR2008,1398494571594.3,33247118.0,80.578
CAN,YR2009,1357541054226.41,33628895.0,80.758
CAN,YR2010,1399482212058.69,34004889.0,80.937
CAN,YR2011,1443522257095.4,34339328.0,81.096
CAN,YR2012,1468960331816.39,34714222.0,81.137
CAN,YR2013,1503174217512.03,35082954.0,81.178
CAN,YR2014,1546315859831.59,35437435.0,81.218
CAN,YR2015,1556508816217.14,35702908.0,81.259
CAN,YR2016,1572095608554.66,36109487.0,81.3
CAN,YR2017,1619885432081.64,36545236.0,81.35
CAN,YR2018,1664870307455.57,37065084.0,81.411
CHE,YR1995,473591186505.167,7040687.0,73.654
CHE,YR1996,475823127148.128,7071850.0,73.6
CHE,YR1997,486583035615.464,7088906.0,73.546
CHE,YR1998,501326351582.974,7110001.0,73.492
CHE,YR1999,509661911268.691,7143991.0,73.438
CHE,YR2000,529837997852.025,7184250.0,73.383
CHE,YR2001,538186453673.233,7229854.0,73.375
CHE,YR2002,537792409245.141,7284753.0,73.401
CHE,YR2003,537618172697.61,7339001.0,73.427
CHE,YR2004,552143052382.242,7389625.0,73.452
CHE,YR2005,567325324289.261,7437115.0,73.478
CHE,YR2006,590436050103.238,7483934.0,73.504
CHE,YR2007,613559744788.948,7551117.0,73.53
CHE,YR2008,630788401993.241,7647675.0,73.556
CHE,YR2009,616296829272.353,7743831.0,73.581
CHE,YR2010,636285784211.754,7824909.0,73.607
CHE,YR2011,647822333890.064,7912398.0,73.631
CHE,YR2012,655461803595.119,7996861.0,73.653
CHE,YR2013,667208623354.645,8089346.0,73.674
CHE,YR2014,682887233860.616,8188649.0,73.696
CHE,YR2015,694118186379.628,8282396.0,73.718
CHE,YR2016,708477337578.722,8373338.0,73.739
CHE,YR2017,718132463597.499,8451840.0,73.761
CHE,YR2018,738674253452.249,8514329.0,73.797
CHL,YR1995,104939158704.969,14416796.0,84.545
CHL,YR1996,112078082148.042,14615483.0,84.861
CHL,YR1997,120362601757.486,14809289.0,85.172
CHL,YR1998,125394825678.282,14996742.0,85.477
CHL,YR1999,125051706063.516,15176410.0,85.778
CHL,YR2000,131268803553.652,15351799.0,86.073
CHL,YR2001,135409067462.838,15523978.0,86.363
CHL,YR2002,139745947904.522,15693790.0,86.606
CHL,YR2003,146346491776.997,15859112.0,86.665
CHL,YR2004,156114028604.48,16017966.0,86.725
CHL,YR2005,165226475828.174,16175311.0,86.783
CHL,YR2006,175222662457.306,16334575.0,86.842
CHL,YR2007,184278574391.665,16495538.0,86.9
CHL,YR2008,191261613433.311,16661462.0,86.959
CHL,YR2009,189123237376.132,16833447.0,87.017
CHL,YR2010,200190069229.347,17004162.0,87.074
CHL,YR2011,212649692512.184,17173573.0,87.132
CHL,YR2012,225739004134.721,17341771.0,87.189
CHL,YR2013,233207597703.441,17509925.0,87.246
CHL,YR2014,237388192470.92,17687108.0,87.303
CHL,YR2015,242496649874.236,17870124.0,87.36
CHL,YR2016,246747710111.593,18083879.0,87.422
CHL,YR2017,250097792355.986,18368577.0,87.49
CHL,YR2018,260076767994.429,18701450.0,87.564
CHN,YR1995,1831411871435.46,1204855000.0,30.961
CHN,YR1996,2013134753757.7,1217550000.0,31.916
CHN,YR1997,2199083579885.44,1230075000.0,32.883
CHN,YR1998,2371622617326.55,1241935000.0,33.867
CHN,YR1999,2553328077171.96,1252735000.0,34.865
CHN,YR2000,2770108015885.86,1262645000.0,35.877
CHN,YR2001,3001016837148.73,1271850000.0,37.093
CHN,YR2002,3275118634996.31,1280400000.0,38.425
CHN,YR2003,3603876041860.81,1288400000.0,39.776
CHN,YR2004,3968358419663.33,1296075000.0,41.144
CHN,YR2005,4420536663136.43,1303720000.0,42.522
CHN,YR2006,4982871172216.7,1311020000.0,43.868
CHN,YR2007,5691976639219.75,1317885000.0,45.199
CHN,YR2008,6241291028834.91,1324655000.0,46.539
CHN,YR2009,6827892848566.12,1331260000.0,47.88
CHN,YR2010,7554098728364.74,1337705000.0,49.226
CHN,YR2011,8275578020536.57,1345035000.0,50.511
CHN,YR2012,8926347665673.95,1354190000.0,51.765
CHN,YR2013,9619581223626.48,1363240000.0,53.013
CHN,YR2014,10333908590021.3,1371860000.0,54.259
CHN,YR2015,11061553079876.4,1379860000.0,55.5
CHN,YR2016,11819132546490.1,1387790000.0,56.736
CHN,YR2017,12640231416521.9,1396215000.0,57.96
CHN,YR2018,13493418449047.0,1402760000.0,59.152
CIV,YR1995,24468419356.0445,14299727.0,41.21
CIV,YR1996,26359663603.0715,14810946.0,41.587
CIV,YR1997,28903065381.4869,15335453.0,41.964
CIV,YR1998,30135464903.0119,15858990.0,42.342
CIV,YR1999,30487103583.7078,16345894.0,42.741
CIV,YR2000,30406072074.5209,16799670.0,43.155
CIV,YR2001,29751121484.2331,17245468.0,43.568
CIV,YR2002,28938759235.8203,17683897.0,43.983
CIV,YR2003,27571152082.748,18116451.0,44.399
CIV,YR2004,28449303816.7208,18544903.0,44.817
CIV,YR2005,28732677534.6293,18970215.0,45.234
CIV,YR2006,29541668653.3775,19394057.0,45.652
CIV,YR2007,29867049384.8481,19817700.0,46.071
CIV,YR2008,31295490595.3316,20244449.0,46.491
CIV,YR2009,32423167757.1672,20677762.0,46.91
CIV,YR2010,34643522302.4172,21120042.0,47.33
CIV,YR2011,32783010214.6152,21562914.0,47.751
CIV,YR2012,35281210581.252,22010712.0,48.172
CIV,YR2013,39077544035.2415,22469268.0,48.593
CIV,YR2014,42739891439.5639,22995555.0,49.014
CIV,YR2015,45814637971.4745,23596741.0,49.444
CIV,YR2016,49103766045.2254,24213622.0,49.881
CIV,YR2017,52717625513.8388,24848016.0,50.326
CIV,YR2018,56350019798.3227,25493988.0,50.779
COL,YR1995,150006357806.764,35970101.0,71.777
COL,YR1996,153090270582.295,36632573.0,72.223
COL,YR1997,158341716456.135,37291946.0,72.662
COL,YR1998,159243922364.124,37944414.0,73.098
COL,YR1999,152549283593.271,38585033.0,73.53
COL,YR2000,157011138831.906,39215135.0,73.957
COL,YR2001,159645626073.266,39837875.0,74.379
COL,YR2002,163643121364.177,40454050.0,74.797
COL,YR2003,170055103810.761,41057687.0,75.211
COL,YR2004,179124180023.818,41648268.0,75.62
COL,YR2005,187773658763.744,42220940.0,76.024
COL,YR2006,200386168873.169,42772910.0,76.423
COL,YR2007,213888579065.498,43306582.0,76.816
COL,YR2008,220911495457.467,43815313.0,77.204
COL,YR2009,223429110323.159,44313917.0,77.587
COL,YR2010,233471486873.475,44816108.0,77.964
COL,YR2011,249692833589.596,45308899.0,78.335
COL,YR2012,259462404704.661,45782417.0,78.701
COL,YR2013,272783187748.922,46237930.0,79.061
COL,YR2014,285055785203.729,46677947.0,79.415
COL,YR2015,293481753078.868,47119728.0,79.764
COL,YR2016,299607839838.107,47625955.0,80.108
COL,YR2017,303680591569.989,48351671.0,80.446
COL,YR2018,311467946721.7,49276961.0,80.778
COM,YR1995,549132827.127306,483760.0,28.301
COM,YR1996,542039739.209173,494288.0,28.257
COM,YR1997,563884773.639465,505033.0,28.213
COM,YR1998,571116684.917886,515959.0,28.168
COM,YR1999,582107304.158834,526443.0,28.124
COM,YR2000,645253597.929273,536758.0,28.08
COM,YR2001,660306764.940171,547741.0,28.036
COM,YR2002,675658533.141122,559047.0,27.992
COM,YR2003,689873521.37292,570130.0,27.947
COM,YR2004,703116746.082698,581154.0,27.903
COM,YR2005,723068020.333961,592683.0,27.875
COM,YR2006,742207308.89297,604658.0,27.863
COM,YR2007,748145281.681156,616899.0,27.867
COM,YR2008,777806333.226554,629470.0,27.886
COM,YR2009,803013019.854478,642493.0,27.921
COM,YR2010,833348978.715286,656024.0,27.973
COM,YR2011,867878849.43906,670071.0,28.04
COM,YR2012,895376808.55641,684553.0,28.123
COM,YR2013,935366551.22574,699393.0,28.223
COM,YR2014,955071521.666078,714612.0,28.338
COM,YR2015,966029542.038859,730216.0,28.47
COM,YR2016,998106036.759259,746232.0,28.619
COM,YR2017,1036191396.38126,761664.0,28.784
COM,YR2018,1073934161.69033,776313.0,28.965
CRI,YR1995,24537079084.5062,3572856.0,54.561
CRI,YR1996,24868442409.6044,3656234.0,55.467
CRI,YR1997,26230279541.3798,3739421.0,56.367
CRI,YR1998,28107136983.1829,3821421.0,57.264
CRI,YR1999,29291799732.2181,3901430.0,58.157
CRI,YR2000,30425016886.8137,3979193.0,59.052
CRI,YR2001,31487205910.1365,4053222.0,60.41
CRI,YR2002,32563084814.7612,4122623.0,61.753
CRI,YR2003,33968891756.1696,4188610.0,63.08
CRI,YR2004,35471879204.0007,4252800.0,64.388
CRI,YR2005,36882477494.3787,4315887.0,65.672
CRI,YR2006,39584744288.2356,4378172.0,66.935
CRI,YR2007,42836683276.8456,4440019.0,68.174
CRI,YR2008,44866360242.4234,4501921.0,69.39
CRI,YR2009,44474472352.568,4563127.0,70.575
CRI,YR2010,46858456831.5203,4622252.0,71.736
CRI,YR2011,48921709303.0802,4679926.0,72.868
CRI,YR2012,51310356968.4806,4736593.0,73.946
CRI,YR2013,52590430366.1276,4791535.0,74.97
CRI,YR2014,54453241194.83,4844288.0,75.941
CRI,YR2015,56441917652.9812,4895242.0,76.862
CRI,YR2016,58814918320.6041,4945205.0,77.735
CRI,YR2017,61260265569.5686,4993842.0,78.56
CRI,YR2018,62862775554.712,5040734.0,79.34
CYP,YR1995,12661737992.4921,862418.0,68.038
CYP,YR1996,12819830120.3242,880058.0,68.161
CYP,YR1997,13158388326.7677,897471.0,68.283
CYP,YR1998,13962477271.716,914660.0,68.405
CYP,YR1999,14660316359.7542,931600.0,68.527
CYP,YR2000,15534849723.7574,948237.0,68.648
CYP,YR2001,16148874064.021,964830.0,68.769
CYP,YR2002,16750089620.4754,982194.0,68.694
CYP,YR2003,17189492397.0771,1000350.0,68.553
CYP,YR2004,18053495404.0465,1018684.0,68.41
CYP,YR2005,18929632228.9624,1037062.0,68.268
CYP,YR2006,19821942659.2698,1055438.0,68.125
CYP,YR2007,20832478864.6768,1073873.0,67.982
CYP,YR2008,21592200201.848,1092390.0,67.839
CYP,YR2009,21157060718.6854,1110974.0,67.695
CYP,YR2010,21640191720.2454,1129686.0,67.551
CYP,YR2011,21730369161.045,1145086.0,67.406
CYP,YR2012,20981240451.2344,1156556.0,67.261
CYP,YR2013,19599104959.2463,1166968.0,67.137
CYP,YR2014,19251012720.9963,1176995.0,67.031
CYP,YR2015,19909190058.804,1187280.0,66.946
CYP,YR2016,21217936634.8601,1197881.0,66.881
CYP,YR2017,22434461969.0365,1208523.0,66.836
CYP,YR2018,23701528569.0948,1218831.0,66.81
CZE,YR1995,115863001168.759,10327253.0,74.643
CZE,YR1996,120805040906.55,10315241.0,74.513
CZE,YR1997,120178870877.585,10304131.0,74.382
CZE,YR1998,119750353168.352,10294373.0,74.251
CZE,YR1999,121407876416.485,10283860.0,74.12
CZE,YR2000,126265440317.089,10255063.0,73.988
CZE,YR2001,130107668072.565,10216605.0,73.877
CZE,YR2002,132150170232.227,10196916.0,73.809
CZE,YR2003,136886020631.13,10193998.0,73.74
CZE,YR2004,143476070938.564,10197101.0,73.671
CZE,YR2005,152947812388.841,10211216.0,73.602
CZE,YR2006,163297687890.645,10238905.0,73.533
CZE,YR2007,172393922455.409,10298828.0,73.463
CZE,YR2008,177025133390.924,10384603.0,73.394
CZE,YR2009,168780486813.354,10443936.0,73.324
CZE,YR2010,172890126530.82,10474410.0,73.255
CZE,YR2011,175933614512.933,10496088.0,73.185
CZE,YR2012,174552528075.614,10510785.0,73.197
CZE,YR2013,174472402052.95,10514272.0,73.29
CZE,YR2014,178419147314.396,10525347.0,73.384
CZE,YR2015,188033050459.881,10546059.0,73.477
CZE,YR2016,192803983942.274,10566332.0,73.57
CZE,YR2017,202769490319.63,10594438.0,73.675
CZE,YR2018,209298846486.102,10629928.0,73.792
DEU,YR1995,2583326450250.06,81678051.0,73.922
DEU,YR1996,2604143486148.1,81914831.0,74.133
DEU,YR1997,2650813925428.06,82034771.0,74.342
DEU,YR1998,2704199536146.72,82047195.0,74.551
DEU,YR1999,2755234843518.92,82100243.0,74.758
DEU,YR2000,2835481139992.39,82211508.0,74.965
DEU,YR2001,2883158861645.24,82349925.0,75.17
DEU,YR2002,2877450961484.29,82488495.0,75.374
DEU,YR2003,2857305447168.18,82534176.0,75.577
DEU,YR2004,2890881304361.69,82516260.0,75.779
DEU,YR2005,2912034089955.56,82469422.0,75.98
DEU,YR2006,3023170179485.12,82376451.0,76.179
DEU,YR2007,3113153483420.82,82266372.0,76.378
DEU,YR2008,3143035994104.02,82110097.0,76.575
DEU,YR2009,2964076668605.51,81902307.0,76.771
DEU,YR2010,3087971590525.68,81776930.0,76.966
DEU,YR2011,3209180426118.17,80274983.0,77.16
DEU,YR2012,3222610768995.58,80425823.0,77.17
DEU,YR2013,3236712633454.9,80645605.0,77.18
DEU,YR2014,3308229204839.04,80982500.0,77.19
DEU,YR2015,3357585719351.56,81686611.0,77.2
DEU,YR2016,3432459876455.05,82348669.0,77.224
DEU,YR2017,3524457734041.38,82657002.0,77.261
DEU,YR2018,3559040862512.65,82905782.0,77.312
DNK,YR1995,226658693444.805,5233373.0,84.979
DNK,YR1996,233232021689.227,5263074.0,85.006
DNK,YR1997,240837461729.208,5284991.0,85.033
DNK,YR1998,246179618941.138,5304219.0,85.06
DNK,YR1999,253437048662.499,5321799.0,85.086
DNK,YR2000,262932986641.725,5339616.0,85.1
DNK,YR2001,265097327404.035,5358783.0,85.15
DNK,YR2002,266333597050.533,5375931.0,85.25
DNK,YR2003,267372454034.624,5390574.0,85.36
DNK,YR2004,274506537368.942,5404523.0,85.566
DNK,YR2005,280920770514.868,5419432.0,85.856
DNK,YR2006,291913222677.846,5437272.0,86.098
DNK,YR2007,294567411335.295,5461438.0,86.293
DNK,YR2008,293059176864.39,5493621.0,86.487
DNK,YR2009,278680088475.415,5523095.0,86.654
DNK,YR2010,283894168259.757,5547683.0,86.795
DNK,YR2011,287689202382.588,5570572.0,86.957
DNK,YR2012,288340817827.024,5591572.0,87.142
DNK,YR2013,291032020819.874,5614932.0,87.292
DNK,YR2014,295744975353.148,5643475.0,87.41
DNK,YR2015,302673070846.857,5683483.0,87.526
DNK,YR2016,312497708532.463,5728010.0,87.642
DNK,YR2017,321315569939.823,5764980.0,87.757
DNK,YR2018,327708263102.566,5793636.0,87.874
ECU,YR1995,50573908255.3626,11561683.0,57.766
ECU,YR1996,51449720654.55,11775221.0,58.277
ECU,YR1997,53676394986.1005,11987838.0,58.785
ECU,YR1998,55429750211.1927,12199693.0,59.291
ECU,YR1999,52802720505.7765,12412046.0,59.796
ECU,YR2000,53379221434.2819,12626507.0,60.299
ECU,YR2001,55522733410.3626,12845521.0,60.799
ECU,YR2002,57797375793.0758,13070609.0,61.118
ECU,YR2003,59371127439.9001,13301184.0,61.316
ECU,YR2004,64246103132.8511,13534593.0,61.514
ECU,YR2005,67645562499.1411,13770012.0,61.711
ECU,YR2006,70624352725.1051,14009061.0,61.907
ECU,YR2007,72171071229.7691,14251835.0,62.104
ECU,YR2008,76759080483.1984,14496797.0,62.3
ECU,YR2009,77193914220.309,14742766.0,62.495
ECU,YR2010,79915230250.8205,14989585.0,62.69
ECU,YR2011,86203073182.7862,15237728.0,62.851
ECU,YR2012,91066617872.099,15483883.0,62.988
ECU,YR2013,95571238385.5329,15722989.0,63.125
ECU,YR2014,99192306978.8112,15957994.0,63.261
ECU,YR2015,99290381000.0,16195902.0,63.398
ECU,YR2016,98072699669.1292,16439585.0,63.534
ECU,YR2017,100395440274.107,16696944.0,63.67
ECU,YR2018,101689830586.566,17015672.0,63.821
EGY,YR1995,136218680408.506,64166908.0,42.814
EGY,YR1996,143014263359.897,65565195.0,42.681
EGY,YR1997,150869114032.583,66993728.0,42.658
EGY,YR1998,159280817655.143,68446011.0,42.704
EGY,YR1999,168922784444.325,69907887.0,42.75
EGY,YR2000,179683172290.32,71371371.0,42.797
EGY,YR2001,186035425177.246,72854261.0,42.843
EGY,YR2002,190482051403.053,74393759.0,42.889
EGY,YR2003,196565009500.488,75963322.0,42.935
EGY,YR2004,204608590453.472,77522427.0,42.981
EGY,YR2005,213758163779.365,79075310.0,43.027
EGY,YR2006,228387426641.28,80629670.0,43.073
EGY,YR2007,244575133307.483,82218755.0,43.078
EGY,YR2008,262077623372.816,83844783.0,43.058
EGY,YR2009,274326082655.675,85501064.0,43.039
EGY,YR2010,288446290408.724,87252413.0,43.019
EGY,YR2011,293536132737.952,89200054.0,43.0
EGY,YR2012,300070833527.974,91240376.0,42.946
EGY,YR2013,306628779734.82,93377890.0,42.893
EGY,YR2014,315569804747.037,95592324.0,42.839
EGY,YR2015,329366576819.407,97723799.0,42.785
EGY,YR2016,343682967568.343,99784030.0,42.732
EGY,YR2017,358053111984.862,101789386.0,42.705
EGY,YR2018,377080487734.144,103740765.0,42.704
ESP,YR1995,794552137824.609,39724050.0,75.856
ESP,YR1996,815691686929.687,39889852.0,75.938
ESP,YR1997,845892627812.5,40057389.0,76.019
ESP,YR1998,883053543058.203,40223509.0,76.1
ESP,YR1999,922707533769.14,40386875.0,76.181
ESP,YR2000,971112252648.437,40567864.0,76.262
ESP,YR2001,1009306124395.31,40850412.0,76.343
ESP,YR2002,1036869753137.11,41431558.0,76.533
ESP,YR2003,1067788548860.16,42187645.0,76.778
ESP,YR2004,1101132739762.11,42921895.0,77.022
ESP,YR2005,1141347034482.81,43653155.0,77.263
ESP,YR2006,1188172916518.75,44397319.0,77.502
ESP,YR2007,1231003442635.55,45226803.0,77.74
ESP,YR2008,1241923268505.08,45954106.0,77.976
ESP,YR2009,1195188366526.17,46362946.0,78.21
ESP,YR2010,1197135561649.22,46576897.0,78.442
ESP,YR2011,1187386271879.3,46742697.0,78.673
ESP,YR2012,1152252436684.76,46773055.0,78.902
ESP,YR2013,1136082395816.8,46620045.0,79.133
ESP,YR2014,1151939554049.61,46480882.0,79.366
ESP,YR2015,1196156971279.69,46444832.0,79.602
ESP,YR2016,1232493518447.66,46484062.0,79.84
ESP,YR2017,1269169576560.16,46593236.0,80.08
ESP,YR2018,1298163367417.97,46797754.0,80.321
EST,YR1995,10254019388.509,1436634.0,70.3
EST,YR1996,10760877052.8203,1415594.0,70.111
EST,YR1997,12165173094.8168,1399535.0,69.923
EST,YR1998,12693120380.1531,1386156.0,69.733
EST,YR1999,12639171425.3594,1390244.0,69.543
EST,YR2000,13914164835.0824,1396985.0,69.368
EST,YR2001,14749525966.5371,1388115.0,69.242
EST,YR2002,15748270637.7266,1379350.0,69.116
EST,YR2003,16945180968.259,1370720.0,68.989
EST,YR2004,18098132398.0648,1362550.0,68.862
EST,YR2005,19822237764.1937,1354775.0,68.735
EST,YR2006,21757994918.8512,1346810.0,68.607
EST,YR2007,23407063928.1871,1340680.0,68.479
EST,YR2008,22205813183.2266,1337090.0,68.351
EST,YR2009,18957312552.2555,1334515.0,68.223
EST,YR2010,19420679530.2801,1331475.0,68.094
EST,YR2011,20831219910.825,1327439.0,67.965
EST,YR2012,21503693454.807,1322696.0,67.974
EST,YR2013,21817309477.984,1317997.0,68.122
EST,YR2014,22474308645.6805,1314545.0,68.269
EST,YR2015,22890762090.1508,1315407.0,68.416
EST,YR2016,23613094924.4117,1315790.0,68.563
EST,YR2017,24980775931.5047,1317384.0,68.717
EST,YR2018,25926098666.5234,1321977.0,68.88
FIN,YR1995,152788801142.187,5107790.0,80.963
FIN,YR1996,158391841239.844,5124573.0,81.223
FIN,YR1997,168424056796.875,5139835.0,81.466
FIN,YR1998,177615261582.812,5153498.0,81.707
FIN,YR1999,185394056458.984,5165474.0,81.946
FIN,YR2000,196097527314.844,5176209.0,82.183
FIN,YR2001,201215710279.297,5188008.0,82.368
FIN,YR2002,204650762188.672,5200598.0,82.503
FIN,YR2003,208751521832.422,5213014.0,82.638
FIN,YR2004,217085073153.906,5228172.0,82.772
FIN,YR2005,223119713766.016,5246096.0,82.905
FIN,YR2006,232105658667.187,5266268.0,83.037
FIN,YR2007,244405718572.656,5288720.0,83.168
FIN,YR2008,246321847334.766,5313399.0,83.299
FIN,YR2009,226432719257.422,5338871.0,83.429
FIN,YR2010,233646772072.266,5363352.0,83.77
FIN,YR2011,239599308730.469,5388272.0,84.313
FIN,YR2012,236250798826.562,5413971.0,84.841
FIN,YR2013,234120534076.562,5438972.0,85.125
FIN,YR2014,233266209150.781,5461512.0,85.175
FIN,YR2015,234534382384.766,5479531.0,85.225
FIN,YR2016,241128217493.75,5495303.0,85.275
FIN,YR2017,248826017928.906,5508214.0,85.325
FIN,YR2018,251661932877.344,5515525.0,85.382
FRA,YR1995,1771133801947.67,59543659.0,74.912
FRA,YR1996,1796159810500.7,59756533.0,75.082
FRA,YR1997,1838123429815.53,59969944.0,75.25
FRA,YR1998,1904087419529.25,60192790.0,75.417
FRA,YR1999,1969233367607.74,60504420.0,75.614
FRA,YR2000,2046499571261.18,60921384.0,75.871
FRA,YR2001,2087096421588.52,61367388.0,76.127
FRA,YR2002,2110796058518.4,61816234.0,76.38
FRA,YR2003,2128171303325.76,62256970.0,76.632
FRA,YR2004,2188393293109.35,62716306.0,76.883
FRA,YR2005,2224791087607.91,63188395.0,77.13
FRA,YR2006,2279283420792.28,63628261.0,77.377
FRA,YR2007,2334550031985.42,64021737.0,77.621
FRA,YR2008,2340501872979.04,64379696.0,77.868
FRA,YR2009,2273251909006.52,64710879.0,78.117
FRA,YR2010,2317567536989.14,65030575.0,78.369
FRA,YR2011,2368384855035.17,65345233.0,78.622
FRA,YR2012,2375801091055.54,65662240.0,78.878
FRA,YR2013,2389493466482.81,66002289.0,79.135
FRA,YR2014,2412341398046.84,66312067.0,79.394
FRA,YR2015,2439188643162.5,66548272.0,79.655
FRA,YR2016,2465909086487.94,66724104.0,79.917
FRA,YR2017,2522413420333.78,66918020.0,80.18
FRA,YR2018,2569458097202.24,67158348.0,80.444
GBR,YR1995,1961657209971.38,58019030.0,78.353
GBR,YR1996,1999081845521.52,58166950.0,78.413
GBR,YR1997,2086373375047.13,58316954.0,78.472
GBR,YR1998,2152246177454.06,58487141.0,78.532
GBR,YR1999,2217116394065.01,58682466.0,78.591
GBR,YR2000,2307855285267.75,58892514.0,78.651
GBR,YR2001,2357645605496.07,59119673.0,78.751
GBR,YR2002,2399393975746.24,59370479.0,79.047
GBR,YR2003,2474328328787.79,59647577.0,79.339
GBR,YR2004,2532350622459.43,59987905.0,79.629
GBR,YR2005,2599922287719.73,60401206.0,79.915
GBR,YR2006,2656091147154.86,60846820.0,80.199
GBR,YR2007,2724178993507.05,61322463.0,80.479
GBR,YR2008,2719974378108.14,61806995.0,80.757
GBR,YR2009,2597290325456.68,62276270.0,81.031
GBR,YR2010,2660406373660.76,62766365.0,81.302
GBR,YR2011,2688809162463.69,63258810.0,81.57
GBR,YR2012,2727755400457.14,63700215.0,81.837
GBR,YR2013,2777396821941.01,64128273.0,82.102
GBR,YR2014,2866265260991.21,64602298.0,82.365
GBR,YR2015,2934857946213.47,65116219.0,82.626
GBR,YR2016,2998403672734.88,65611593.0,82.886
GBR,YR2017,3071671779449.63,66058859.0,83.143
GBR,YR2018,3124044429026.19,66460344.0,83.398
GMB,YR1995,770748728.83124,1242155.0,43.362
GMB,YR1996,787886678.574085,1279070.0,44.258
GMB,YR1997,826493118.811998,1317002.0,45.155
GMB,YR1998,855420367.242976,1356189.0,46.057
GMB,YR1999,910167262.620829,1396499.0,46.961
GMB,YR2000,960226464.033935,1437539.0,47.868
GMB,YR2001,1015919601.2835,1479449.0,48.775
GMB,YR2002,982902212.720932,1522223.0,49.683
GMB,YR2003,1050427591.01692,1566257.0,50.555
GMB,YR2004,1124482736.1904,1612225.0,51.288
GMB,YR2005,1098037945.51549,1660368.0,52.02
GMB,YR2006,1091937455.56725,1711294.0,52.751
GMB,YR2007,1125167836.81472,1764883.0,53.481
GMB,YR2008,1195557273.78416,1820542.0,54.211
GMB,YR2009,1275249825.5969,1878119.0,54.937
GMB,YR2010,1350595867.70556,1937275.0,55.662
GMB,YR2011,1240786424.0015,1998212.0,56.384
GMB,YR2012,1305823103.61432,2061014.0,57.105
GMB,YR2013,1343336382.19183,2124869.0,57.82
GMB,YR2014,1324430501.09843,2189019.0,58.528
GMB,YR2015,1378176868.31568,2253133.0,59.228
GMB,YR2016,1404959801.54615,2317206.0,59.918
GMB,YR2017,1472715550.98331,2381182.0,60.599
GMB,YR2018,1579264906.00789,2444916.0,61.27
GRC,YR1995,168432797539.427,10562153.0,72.119
GRC,YR1996,173253561149.881,10608800.0,72.239
GRC,YR1997,181022595641.154,10661259.0,72.358
GRC,YR1998,188073253821.134,10720509.0,72.478
GRC,YR1999,193851986394.534,10761698.0,72.597
GRC,YR2000,201450539792.111,10805808.0,72.716
GRC,YR2001,209773694977.81,10862132.0,72.913
GRC,YR2002,218002847793.364,10902022.0,73.303
GRC,YR2003,230635091420.234,10928070.0,73.689
GRC,YR2004,242307515416.657,10955141.0,74.073
GRC,YR2005,243759281967.678,10987314.0,74.452
GRC,YR2006,257537613577.613,11020362.0,74.827
GRC,YR2007,265968743229.289,11048473.0,75.199
GRC,YR2008,265077289564.136,11077841.0,75.568
GRC,YR2009,253677021313.194,11107017.0,75.932
GRC,YR2010,239780041723.274,11121341.0,76.292
GRC,YR2011,215444010389.589,11104899.0,76.649
GRC,YR2012,200176146628.861,11045011.0,77.004
GRC,YR2013,195139720340.78,10965211.0,77.355
GRC,YR2014,196067992081.695,10892413.0,77.702
GRC,YR2015,195683527003.375,10820883.0,78.046
GRC,YR2016,194730209118.466,10775971.0,78.387
GRC,YR2017,196856953384.064,10754679.0,78.724
GRC,YR2018,200141371166.33,10732882.0,79.058
GRD,YR1995,522075520.543684,104060.0,34.47
GRD,YR1996,545246457.540367,104846.0,34.714
GRD,YR1997,572593264.226071,105549.0,34.959
GRD,YR1998,639893030.668409,106200.0,35.204
GRD,YR1999,684035171.111819,106823.0,35.45
GRD,YR2000,717470482.872629,107432.0,35.698
GRD,YR2001,702949597.477612,107936.0,35.919
GRD,YR2002,727112249.392527,108231.0,35.913
GRD,YR2003,795925959.486872,108740.0,35.907
GRD,YR2004,790772734.346373,109516.0,35.901
GRD,YR2005,895757211.825448,110254.0,35.895
GRD,YR2006,859968770.941257,110988.0,35.889
GRD,YR2007,912628536.79293,111725.0,35.883
GRD,YR2008,921276081.186115,112478.0,35.877
GRD,YR2009,860349501.94549,113249.0,35.871
GRD,YR2010,855950855.386535,114039.0,35.865
GRD,YR2011,862498681.055348,114918.0,35.859
GRD,YR2012,852535581.579412,115912.0,35.869
GRD,YR2013,872582263.295196,116945.0,35.896
GRD,YR2014,936642944.308208,117972.0,35.938
GRD,YR2015,997007407.407407,118980.0,35.997
GRD,YR2016,1034300993.92112,119966.0,36.072
GRD,YR2017,1080214819.04837,120921.0,36.164
GRD,YR2018,1127327545.68561,121838.0,36.272
GTM,YR1995,30509494153.7098,10286786.0,43.654
GTM,YR1996,31411897835.5379,10536942.0,43.989
GTM,YR1997,32782741311.0725,10788362.0,44.323
GTM,YR1998,34419756613.0456,11046215.0,44.659
GTM,YR1999,35743906055.2192,11311078.0,44.995
GTM,YR2000,37033856699.2542,11589761.0,45.332
GTM,YR2001,37897699132.5642,11871565.0,45.668
GTM,YR2002,39352700601.0882,12147518.0,46.005
GTM,YR2003,40360278359.0408,12415334.0,46.318
GTM,YR2004,41626750328.7627,12682108.0,46.616
GTM,YR2005,42990453877.9055,12948292.0,46.913
GTM,YR2006,45291044075.3986,13213330.0,47.21
GTM,YR2007,48161463040.7346,13477017.0,47.508
GTM,YR2008,49747672384.8696,13739299.0,47.807
GTM,YR2009,49984918092.5488,14000190.0,48.104
GTM,YR2010,51426570817.8819,14259687.0,48.403
GTM,YR2011,53567925339.8243,14521515.0,48.701
GTM,YR2012,55161415004.8632,14781942.0,49.0
GTM,YR2013,57199529556.8023,15043981.0,49.311
GTM,YR2014,59741463827.8038,15306316.0,49.634
GTM,YR2015,62186186575.7433,15567419.0,49.971
GTM,YR2016,63851409868.9298,15827690.0,50.319
GTM,YR2017,65817938467.9666,16087418.0,50.68
GTM,YR2018,68060272306.0466,16346950.0,51.054
HKG,YR1995,157718399024.401,6156100.0,100.0
HKG,YR1996,164434899502.847,6435500.0,100.0
HKG,YR1997,172820616877.864,6489300.0,100.0
HKG,YR1998,162654084725.727,6543700.0,100.0
HKG,YR1999,166731405420.603,6606500.0,100.0
HKG,YR2000,179508841257.812,6665000.0,100.0
HKG,YR2001,180515539895.727,6714300.0,100.0
HKG,YR2002,183506084968.827,6744100.0,100.0
HKG,YR2003,189114602751.624,6730800.0,100.0
HKG,YR2004,205567699622.259,6783500.0,100.0
HKG,YR2005,220755441085.113,6813200.0,100.0
HKG,YR2006,236280293902.6,6857100.0,100.0
HKG,YR2007,251555413145.239,6916300.0,100.0
HKG,YR2008,256908403070.708,6957800.0,100.0
HKG,YR2009,250590896883.772,6972800.0,100.0
HKG,YR2010,267550066386.129,7024200.0,100.0
HKG,YR2011,280431799307.961,7071600.0,100.0
HKG,YR2012,285200030245.642,7150100.0,100.0
HKG,YR2013,294045581878.199,7178900.0,100.0
HKG,YR2014,302168354714.317,7229500.0,100.0
HKG,YR2015,309383627028.561,7291300.0,100.0
HKG,YR2016,316114033784.956,7336600.0,100.0
HKG,YR2017,328114108684.772,7393200.0,100.0
HKG,YR2018,337455303240.589,7452600.0,100.0
HRV,YR1995,33385967318.1909,4620030.0,52.279
HRV,YR1996,35473654592.7596,4557097.0,52.509
HRV,YR1997,37663510304.5764,4534920.0,52.739
HRV,YR1998,38539242872.9482,4532135.0,52.968
HRV,YR1999,38251680949.4394,4512597.0,53.198
HRV,YR2000,39347234700.2683,4468302.0,53.428
HRV,YR2001,40557054995.0861,4299642.0,53.642
HRV,YR2002,42894575114.8145,4302174.0,53.81
HRV,YR2003,45281116004.8261,4303399.0,53.979
HRV,YR2004,47162158847.9233,4304600.0,54.147
HRV,YR2005,49172617036.5257,4310145.0,54.315
HRV,YR2006,51575652378.8411,4311159.0,54.483
HRV,YR2007,54155008740.8506,4310217.0,54.651
HRV,YR2008,55239118376.5197,4309705.0,54.819
HRV,YR2009,51265522910.4937,4305181.0,54.987
HRV,YR2010,50638145959.7853,4295427.0,55.155
HRV,YR2011,50594286347.9332,4280622.0,55.322
HRV,YR2012,49414598778.6684,4267558.0,55.506
HRV,YR2013,49218013834.1149,4255689.0,55.706
HRV,YR2014,49006691081.5331,4238389.0,55.923
HRV,YR2015,50242783066.1173,4203604.0,56.155
HRV,YR2016,52031104329.2995,4174349.0,56.403
HRV,YR2017,53806649022.2,4124531.0,56.667
HRV,YR2018,55313599034.9693,4087843.0,56.947
HUN,YR1995,79280778283.9448,10328965.0,65.209
HUN,YR1996,79346116187.6974,10311238.0,65.083
HUN,YR1997,81840061575.3627,10290486.0,64.956
HUN,YR1998,85031827660.5837,10266570.0,64.829
HUN,YR1999,87643177933.1084,10237530.0,64.702
HUN,YR2000,91568886542.0243,10210971.0,64.575
HUN,YR2001,95299483590.3448,10187576.0,64.67
HUN,YR2002,99817905184.6813,10158608.0,65.081
HUN,YR2003,103884735932.983,10129552.0,65.489
HUN,YR2004,109083772922.95,10107146.0,65.896
HUN,YR2005,113768132959.824,10087065.0,66.365
HUN,YR2006,118257499574.879,10071370.0,66.895
HUN,YR2007,118585513679.933,10055780.0,67.421
HUN,YR2008,119776044677.938,10038188.0,67.943
HUN,YR2009,111873380290.514,10022650.0,68.46
HUN,YR2010,113077422068.682,10000023.0,68.911
HUN,YR2011,115188393760.125,9971727.0,69.358
HUN,YR2012,113748278485.318,9920362.0,69.678
HUN,YR2013,115798616344.321,9893082.0,69.953
HUN,YR2014,120699456740.623,9866468.0,70.227
HUN,YR2015,125174166987.372,9843028.0,70.5
HUN,YR2016,127929252772.234,9814023.0,70.779
HUN,YR2017,133394359768.376,9787966.0,71.062
HUN,YR2018,140547408554.321,9775564.0,71.351
IDN,YR1995,380895161146.503,198140162.0,36.076
IDN,YR1996,410674257411.067,201373791.0,37.235
IDN,YR1997,429975449993.557,204628007.0,38.406
IDN,YR1998,373533752988.269,207855486.0,39.593
IDN,YR1999,376488875933.227,210996910.0,40.792
IDN,YR2000,395012383689.125,214072421.0,42.002
IDN,YR2001,409404527351.182,217112437.0,42.783
IDN,YR2002,427825583308.405,220115092.0,43.568
IDN,YR2003,448277225387.513,223080121.0,44.356
IDN,YR2004,470829487520.977,225938595.0,45.149
IDN,YR2005,497631791817.584,228805144.0,45.942
IDN,YR2006,525006276753.314,231797427.0,46.738
IDN,YR2007,558318041704.736,234858289.0,47.535
IDN,YR2008,591893633878.692,237936543.0,48.335
IDN,YR2009,619291627728.719,240981299.0,49.134
IDN,YR2010,657835435591.365,244016173.0,49.914
IDN,YR2011,698422462409.202,247099697.0,50.595
IDN,YR2012,740537690664.799,250222695.0,51.276
IDN,YR2013,781691322850.807,253275918.0,51.955
IDN,YR2014,820828015498.845,256229761.0,52.635
IDN,YR2015,860854235065.079,259091970.0,53.313
IDN,YR2016,904181624278.983,261850182.0,53.989
IDN,YR2017,950021696789.269,264498852.0,54.659
IDN,YR2018,999178589070.128,267066843.0,55.325
IND,YR1995,596058659383.044,964279129.0,26.607
IND,YR1996,641058240489.184,983281218.0,26.817
IND,YR1997,667019950767.341,1002335230.0,27.028
IND,YR1998,708271238131.198,1021434576.0,27.24
IND,YR1999,770923180565.542,1040500054.0,27.453
IND,YR2000,800534271756.884,1059633675.0,27.667
IND,YR2001,839151774957.445,1078970907.0,27.918
IND,YR2002,871072901385.714,1098313039.0,28.244
IND,YR2003,939542554364.62,1117415123.0,28.572
IND,YR2004,1013981915397.82,1136264583.0,28.903
IND,YR2005,1094324068978.9,1154638713.0,29.235
IND,YR2006,1182534605661.62,1172373788.0,29.569
IND,YR2007,1273126394881.57,1189691809.0,29.906
IND,YR2008,1312423962607.78,1206734806.0,30.246
IND,YR2009,1415605275566.11,1223640160.0,30.587
IND,YR2010,1535897532897.39,1240613620.0,30.93
IND,YR2011,1616398760695.38,1257621191.0,31.276
IND,YR2012,1704595760877.17,1274487215.0,31.634
IND,YR2013,1813453059872.84,1291132063.0,32.003
IND,YR2014,1947834059120.86,1307246509.0,32.384
IND,YR2015,2103587813812.75,1322866505.0,32.777
IND,YR2016,2277266450219.57,1338636340.0,33.182
IND,YR2017,2432015436983.77,1354195680.0,33.6
IND,YR2018,2588974097973.61,1369003306.0,34.03
IRL,YR1995,102165479206.052,3608841.0,57.949
IRL,YR1996,109704907771.2,3637510.0,58.173
IRL,YR1997,121796324887.1,3674171.0,58.419
IRL,YR1998,132473139695.762,3712696.0,58.664
IRL,YR1999,146422410628.217,3754786.0,58.91
IRL,YR2000,160191278093.194,3805174.0,59.155
IRL,YR2001,168690740424.778,3866243.0,59.399
IRL,YR2002,178642424207.669,3931947.0,59.649
IRL,YR2003,184026417613.381,3996521.0,59.925
IRL,YR2004,196518388854.028,4070262.0,60.202
IRL,YR2005,207798116295.995,4159914.0,60.477
IRL,YR2006,218162781857.521,4273591.0,60.738
IRL,YR2007,229747483326.76,4398942.0,60.94
IRL,YR2008,219445444220.344,4489544.0,61.141
IRL,YR2009,208262981116.422,4535375.0,61.342
IRL,YR2010,211767987813.551,4560155.0,61.542
IRL,YR2011,213533773140.929,4580084.0,61.742
IRL,YR2012,213521939076.437,4599533.0,61.942
IRL,YR2013,215925533436.556,4623816.0,62.141
IRL,YR2014,234601689874.762,4657740.0,62.34
IRL,YR2015,291775166506.891,4701957.0,62.538
IRL,YR2016,297630084892.439,4755335.0,62.737
IRL,YR2017,324432693194.991,4807388.0,62.947
IRL,YR2018,352098825394.701,4867316.0,63.17
ISL,YR1995,9144289754.98199,267468.0,91.63
ISL,YR1996,9561920769.22616,268916.0,91.797
ISL,YR1997,10113797776.4047,271128.0,91.96
ISL,YR1998,10858456575.5095,274047.0,92.121
ISL,YR1999,11296586994.517,277381.0,92.267
ISL,YR2000,11859726687.7669,281205.0,92.401
ISL,YR2001,12335716528.3788,284968.0,92.532
ISL,YR2002,12404737216.2574,287523.0,92.662
ISL,YR2003,12670532078.9946,289521.0,92.789
ISL,YR2004,13659137611.5282,292074.0,92.914
ISL,YR2005,14495683157.7376,296734.0,93.037
ISL,YR2006,15411374460.634,303782.0,93.159
ISL,YR2007,16714384610.1713,311566.0,93.278
ISL,YR2008,17083688339.561,317414.0,93.395
ISL,YR2009,15774426999.3488,318499.0,93.511
ISL,YR2010,15327572988.2618,318041.0,93.574
ISL,YR2011,15610486135.6369,319014.0,93.587
ISL,YR2012,15776524980.7745,320716.0,93.6
ISL,YR2013,16494745020.423,323764.0,93.633
ISL,YR2014,16773046835.507,327386.0,93.667
ISL,YR2015,17517210519.0912,330815.0,93.7
ISL,YR2016,18621440660.0019,335439.0,93.735
ISL,YR2017,19402600566.9271,343400.0,93.773
ISL,YR2018,20351154562.7013,352721.0,93.813
ISR,YR1995,143461517687.921,5545000.0,90.866
ISR,YR1996,151966334119.463,5692000.0,90.943
ISR,YR1997,157726545602.676,5836000.0,91.009
ISR,YR1998,164217868444.75,5971000.0,91.074
ISR,YR1999,169687132284.208,6125000.0,91.139
ISR,YR2000,184401815445.307,6289000.0,91.203
ISR,YR2001,185017847776.682,6439000.0,91.267
ISR,YR2002,184806518674.157,6570000.0,91.33
ISR,YR2003,187382560696.368,6689700.0,91.393
ISR,YR2004,196347818275.374,6809000.0,91.456
ISR,YR2005,204464987521.976,6930100.0,91.518
ISR,YR2006,215879588868.402,7053700.0,91.58
ISR,YR2007,228904065520.347,7180100.0,91.641
ISR,YR2008,236346110629.905,7308800.0,91.702
ISR,YR2009,238433331332.276,7485600.0,91.763
ISR,YR2010,251948960764.976,7623600.0,91.826
ISR,YR2011,265960192873.376,7765800.0,91.892
ISR,YR2012,272842322027.358,7910500.0,91.96
ISR,YR2013,284889679087.518,8059500.0,92.031
ISR,YR2014,296054867115.476,8215700.0,92.104
ISR,YR2015,303414276832.04,8380100.0,92.179
ISR,YR2016,317133700441.662,8546000.0,92.256
ISR,YR2017,330696227434.501,8713300.0,92.336
ISR,YR2018,344156628360.705,8882800.0,92.418
JPN,YR1995,3785636263364.36,125472000.0,78.016
JPN,YR1996,3904273220115.03,125757000.0,78.145
JPN,YR1997,3942583070731.74,126057000.0,78.272
JPN,YR1998,3892499235707.73,126400000.0,78.398
JPN,YR1999,3879501014654.61,126631000.0,78.523
JPN,YR2000,3986755544464.21,126843000.0,78.649
JPN,YR2001,4002148544213.45,127149000.0,79.99
JPN,YR2002,4003827945768.8,127445000.0,81.647
JPN,YR2003,4065291729511.6,127718000.0,83.196
JPN,YR2004,4154163710034.48,127761000.0,84.64
JPN,YR2005,4229100705435.47,127773000.0,85.978
JPN,YR2006,4287138774363.71,127854000.0,87.118
JPN,YR2007,4350758602409.6,128001000.0,88.146
JPN,YR2008,4297492743392.06,128063000.0,89.103
JPN,YR2009,4052826324007.5,128047000.0,89.989
JPN,YR2010,4218907820177.17,128070000.0,90.812
JPN,YR2011,4219912322037.65,127833000.0,91.069
JPN,YR2012,4277925608850.6,127629000.0,91.148
JPN,YR2013,4363702302795.86,127445000.0,91.226
JPN,YR2014,4376627829637.51,127276000.0,91.304
JPN,YR2015,4444930651964.18,127141000.0,91.381
JPN,YR2016,4478437728055.55,127076000.0,91.457
JPN,YR2017,4553466417292.21,126972000.0,91.535
JPN,YR2018,4580061760588.24,126811000.0,91.616
KAZ,YR1995,58532032231.6585,15816243.0,55.921
KAZ,YR1996,58824692394.0305,15578227.0,55.943
KAZ,YR1997,59824712164.432,15334405.0,55.964
KAZ,YR1998,58688042633.6519,15071640.0,55.986
KAZ,YR1999,60272619783.494,14928374.0,56.025
KAZ,YR2000,66179336523.5672,14883626.0,56.098
KAZ,YR2001,75113546953.2136,14858335.0,56.171
KAZ,YR2002,82474674554.3344,14858948.0,56.244
KAZ,YR2003,90144819288.1659,14909019.0,56.317
KAZ,YR2004,98798721941.0635,15012984.0,56.39
KAZ,YR2005,108382197968.583,15147029.0,56.463
KAZ,YR2006,119979093151.221,15308085.0,56.536
KAZ,YR2007,130657232441.673,15484192.0,56.609
KAZ,YR2008,134968921112.523,15776938.0,56.682
KAZ,YR2009,136588548165.103,16092822.0,56.755
KAZ,YR2010,146559512181.377,16321872.0,56.827
KAZ,YR2011,157404916083.801,16557202.0,56.9
KAZ,YR2012,164960352055.812,16792090.0,56.973
KAZ,YR2013,174857973177.932,17035551.0,57.046
KAZ,YR2014,182202008052.508,17288285.0,57.118
KAZ,YR2015,184388432148.715,17542806.0,57.191
KAZ,YR2016,186416704902.17,17794055.0,57.264
KAZ,YR2017,194059789803.79,18037776.0,57.336
KAZ,YR2018,202016241185.495,18276452.0,57.428
KOR,YR1995,604637550473.74,45092991.0,78.239
KOR,YR1996,652347705779.257,45524681.0,78.662
KOR,YR1997,692601162968.022,45953580.0,78.905
KOR,YR1998,657074545321.938,46286503.0,79.145
KOR,YR1999,732420905134.784,46616677.0,79.384
KOR,YR2000,798784342587.129,47008111.0,79.621
KOR,YR2001,837544550604.138,47370164.0,79.94
KOR,YR2002,902246062108.946,47644736.0,80.299
KOR,YR2003,930642372967.514,47892330.0,80.652
KOR,YR2004,979011499282.814,48082519.0,81.002
KOR,YR2005,1021192627905.49,48184561.0,81.345
KOR,YR2006,1074951542999.1,48438292.0,81.528
KOR,YR2007,1137293878173.46,48683638.0,81.631
KOR,YR2008,1171560370682.24,49054708.0,81.733
KOR,YR2009,1180847317902.24,49307835.0,81.835
KOR,YR2010,1261201910432.46,49554112.0,81.936
KOR,YR2011,1307685622912.81,49936638.0,81.923
KOR,YR2012,1339103175287.26,50199853.0,81.851
KOR,YR2013,1381481889126.85,50428893.0,81.779
KOR,YR2014,1425723208306.54,50746659.0,81.707
KOR,YR2015,1465773245547.15,51014947.0,81.634
KOR,YR2016,1508967849304.8,51217803.0,81.562
KOR,YR2017,1556645736778.48,51361911.0,81.503
KOR,YR2018,1601903713673.82,51585058.0,81.459
LCA,YR1995,1313869904.8299,152348.0,28.765
LCA,YR1996,1352268908.44465,153969.0,28.565
LCA,YR1997,1342882402.34944,155454.0,28.366
LCA,YR1998,1427302318.02603,156855.0,28.168
LCA,YR1999,1465419903.84773,158256.0,27.971
LCA,YR2000,1466134274.85385,159500.0,27.774
LCA,YR2001,1416167480.99958,160594.0,27.473
LCA,YR2002,1422065117.45652,161799.0,26.329
LCA,YR2003,1482710669.81363,163047.0,25.216
LCA,YR2004,1590465316.54732,164239.0,24.133
LCA,YR2005,1583939562.18351,165386.0,23.085
LCA,YR2006,1682068693.40122,166470.0,22.068
LCA,YR2007,1710522879.85194,167518.0,21.084
LCA,YR2008,1795182164.03797,168576.0,20.131
LCA,YR2009,1744398263.90823,169688.0,19.213
LCA,YR2010,1772376011.50757,170935.0,18.45
LCA,YR2011,1869562678.59406,172145.0,18.45
LCA,YR2012,1865826325.04233,173124.0,18.45
LCA,YR2013,1806597952.0422,173978.0,18.461
LCA,YR2014,1832182218.76372,174804.0,18.482
LCA,YR2015,1807227215.4535,175623.0,18.515
LCA,YR2016,1875052841.01345,176413.0,18.558
LCA,YR2017,1938561940.28756,177163.0,18.612
LCA,YR2018,1994408431.58142,177888.0,18.678
LTU,YR1995,17913320835.8734,3629102.0,67.285
LTU,YR1996,18837373099.266,3601613.0,67.225
LTU,YR1997,20402932401.8633,3575137.0,67.166
LTU,YR1998,21928206400.9148,3549331.0,67.106
LTU,YR1999,21677880321.5578,3524238.0,67.046
LTU,YR2000,22478991899.5918,3499536.0,66.986
LTU,YR2001,23945995391.1406,3470818.0,66.919
LTU,YR2002,25562688814.3281,3443067.0,66.828
LTU,YR2003,28263631519.6211,3415213.0,66.737
LTU,YR2004,30120407999.1594,3377075.0,66.646
LTU,YR2005,32449428669.3601,3322528.0,66.635
LTU,YR2006,34855268683.5691,3269909.0,66.706
LTU,YR2007,38726810730.7062,3231294.0,66.777
LTU,YR2008,39739293390.5074,3198231.0,66.848
LTU,YR2009,33842535273.8547,3162916.0,66.842
LTU,YR2010,34401356974.3984,3097282.0,66.757
LTU,YR2011,36478857729.3719,3028115.0,66.741
LTU,YR2012,37881055682.4922,2987773.0,66.864
LTU,YR2013,39225860752.8062,2957689.0,66.986
LTU,YR2014,40613283322.7621,2932367.0,67.108
LTU,YR2015,41435533340.3883,2904910.0,67.23
LTU,YR2016,42479223269.264,2868231.0,67.366
LTU,YR2017,44298437189.8902,2828403.0,67.516
LTU,YR2018,46067411257.316,2801543.0,67.679
LVA,YR1995,12350288663.5402,2485056.0,68.75
LVA,YR1996,12669916027.5586,2457222.0,68.65
LVA,YR1997,13789545456.7203,2432851.0,68.6
LVA,YR1998,14663242477.5719,2410019.0,68.451
LVA,YR1999,15067386986.0336,2390482.0,68.22
LVA,YR2000,15922572893.818,2367550.0,68.067
LVA,YR2001,16929438089.8539,2337170.0,67.95
LVA,YR2002,18129418442.5547,2310173.0,67.85
LVA,YR2003,19656434376.8445,2287955.0,67.8
LVA,YR2004,21284802094.6672,2263122.0,67.9
LVA,YR2005,23566610772.3461,2238799.0,68.0
LVA,YR2006,26387966692.6328,2218357.0,67.967
LVA,YR2007,29011437660.3379,2200325.0,67.9
LVA,YR2008,28068821027.2594,2177322.0,67.834
LVA,YR2009,24066167841.8371,2141669.0,67.814
LVA,YR2010,22993883546.7441,2097555.0,67.841
LVA,YR2011,23585679970.3973,2059709.0,67.869
LVA,YR2012,25246641848.4078,2034319.0,67.897
LVA,YR2013,25753586054.7246,2012647.0,67.925
LVA,YR2014,26243463733.7578,1993782.0,67.952
LVA,YR2015,27263090547.0617,1977527.0,67.98
LVA,YR2016,27908848130.1504,1959537.0,68.021
LVA,YR2017,28833322008.4414,1942248.0,68.075
LVA,YR2018,29984306271.8922,1927174.0,68.142
MAC,YR1995,13978346332.6819,396641.0,99.91
MAC,YR1996,13919739805.0336,404297.0,99.98
MAC,YR1997,13880783701.3615,411700.0,100.0
MAC,YR1998,13246339310.8786,418776.0,100.0
MAC,YR1999,12933886078.181,425518.0,100.0
MAC,YR2000,13677154746.4737,431896.0,100.0
MAC,YR2001,14072231691.6793,439122.0,100.0
MAC,YR2002,15326181553.8329,449665.0,100.0
MAC,YR2003,17110233204.3035,462533.0,100.0
MAC,YR2004,21666833271.5793,475529.0,100.0
MAC,YR2005,23416525408.7816,488619.0,100.0
MAC,YR2006,26552089552.7261,501863.0,100.0
MAC,YR2007,30395873363.1344,515330.0,100.0
MAC,YR2008,31426773675.9442,529038.0,100.0
MAC,YR2009,31827251614.8743,543021.0,100.0
MAC,YR2010,39823135537.025,557297.0,100.0
MAC,YR2011,48431515130.4807,571003.0,100.0
MAC,YR2012,52907674865.6902,582766.0,100.0
MAC,YR2013,58596759893.6996,593374.0,100.0
MAC,YR2014,57396475224.5102,604167.0,100.0
MAC,YR2015,45047964934.2517,615239.0,100.0
MAC,YR2016,44742061842.8796,626688.0,100.0
MAC,YR2017,49208798567.7614,638609.0,100.0
MAC,YR2018,52389983871.4635,650991.0,100.0
MAR,YR1995,39603219574.0964,26599048.0,51.692
MAR,YR1996,44503276933.315,26999093.0,52.022
MAR,YR1997,43808713241.6908,27397118.0,52.35
MAR,YR1998,46979830032.35,27791825.0,52.678
MAR,YR1999,47487838231.939,28176997.0,53.007
MAR,YR2000,48396220258.5667,28554415.0,53.335
MAR,YR2001,51938807830.5602,28930097.0,53.662
MAR,YR2002,53560051568.9205,29301817.0,53.99
MAR,YR2003,56752853093.1292,29661270.0,54.317
MAR,YR2004,59475297877.0581,30033125.0,54.644
MAR,YR2005,61433010384.3564,30431902.0,55.174
MAR,YR2006,66086334629.1513,30833022.0,55.746
MAR,YR2007,68420235757.8848,31232633.0,56.317
MAR,YR2008,72472956315.2237,31634992.0,56.886
MAR,YR2009,75548532704.4756,32042877.0,57.452
MAR,YR2010,78431251602.7345,32464865.0,58.018
MAR,YR2011,82545517648.2937,32903699.0,58.581
MAR,YR2012,85030105753.2061,33352169.0,59.142
MAR,YR2013,88886581746.8554,33803527.0,59.7
MAR,YR2014,105817056786.059,34248603.0,60.256
MAR,YR2015,110414366621.263,34680458.0,60.809
MAR,YR2016,110989830300.175,35107264.0,61.36
MAR,YR2017,116603582880.98,35528115.0,61.908
MAR,YR2018,120178230514.273,35927511.0,62.453
MDA,YR1995,4435095429.28498,2953200.0,46.294
MDA,YR1996,4174442200.74922,2947293.0,46.2
MDA,YR1997,4243197956.44046,2936413.0,45.797
MDA,YR1998,3965599798.21018,2935227.0,45.394
MDA,YR1999,3832028303.39744,2930622.0,44.992
MDA,YR2000,3912796578.89458,2924668.0,44.589
MDA,YR2001,4151477186.36163,2918135.0,44.189
MDA,YR2002,4475292392.01478,2911385.0,43.789
MDA,YR2003,4770661691.57799,2903198.0,43.389
MDA,YR2004,5123690641.96145,2896023.0,42.99
MDA,YR2005,5507967447.21354,2888985.0,42.775
MDA,YR2006,5772349876.42305,2880967.0,42.744
MDA,YR2007,5945520386.55175,2874299.0,42.713
MDA,YR2008,6409270985.30355,2868833.0,42.682
MDA,YR2009,6024714707.63761,2865213.0,42.651
MDA,YR2010,6452469456.92815,2862354.0,42.62
MDA,YR2011,6827884855.1556,2860699.0,42.589
MDA,YR2012,6787618499.20909,2860324.0,42.558
MDA,YR2013,7401481591.69016,2859558.0,42.527
MDA,YR2014,7771527984.04011,2857815.0,42.496
MDA,YR2015,7745241912.94722,2835978.0,42.49
MDA,YR2016,8086720854.20641,2803186.0,42.511
MDA,YR2017,8466052244.67163,2755189.0,42.557
MDA,YR2018,8830217598.87449,2707203.0,42.629
MDG,YR1995,6386837757.80222,13869138.0,25.796
MDG,YR1996,6524423302.68693,14317454.0,26.058
MDG,YR1997,6765402395.59898,14778903.0,26.321
MDG,YR1998,7030408254.34549,15250934.0,26.586
MDG,YR1999,7360783100.32492,15730885.0,26.853
MDG,YR2000,7688842819.8228,16216431.0,27.121
MDG,YR2001,8148653747.99059,16709665.0,27.391
MDG,YR2002,7137571145.71539,17211934.0,27.663
MDG,YR2003,7835974782.40928,17724310.0,27.936
MDG,YR2004,8247912260.4988,18250774.0,28.211
MDG,YR2005,8640170191.31377,18792171.0,28.814
MDG,YR2006,9106610509.19009,19350299.0,29.425
MDG,YR2007,9626649348.47931,19924958.0,30.043
MDG,YR2008,10272850945.3908,20513599.0,30.67
MDG,YR2009,9864124140.04596,21117092.0,31.301
MDG,YR2010,9925206717.30089,21731053.0,31.938
MDG,YR2011,10081868865.017,22348158.0,32.58
MDG,YR2012,10385448869.3098,22966240.0,33.227
MDG,YR2013,10624353266.7001,23588073.0,33.878
MDG,YR2014,10979122001.7232,24215976.0,34.534
MDG,YR2015,11323020828.5758,24850912.0,35.193
MDG,YR2016,11775165589.132,25501941.0,35.856
MDG,YR2017,12238319071.5199,26169542.0,36.522
MDG,YR2018,12629254614.0975,26846541.0,37.191
MDV,YR1995,1407651006.0827,258208.0,25.638
MDV,YR1996,1518273328.61933,263841.0,26.008
MDV,YR1997,1645777024.39249,269040.0,26.379
MDV,YR1998,1769122795.66331,273796.0,26.755
MDV,YR1999,1878377730.69742,278111.0,27.134
MDV,YR2000,1950616576.66625,282507.0,27.706
MDV,YR2001,1873691391.23205,287324.0,28.859
MDV,YR2002,2009878519.86615,292284.0,30.042
MDV,YR2003,2286237817.67907,297226.0,31.252
MDV,YR2004,2424183784.56432,302135.0,32.49
MDV,YR2005,2105911400.23515,307018.0,33.75
MDV,YR2006,2655796318.64553,314401.0,34.794
MDV,YR2007,2860660921.64989,325126.0,35.2
MDV,YR2008,3132004126.35956,336883.0,35.61
MDV,YR2009,2905596513.37854,349037.0,36.021
MDV,YR2010,3116691850.28246,361575.0,36.434
MDV,YR2011,3383690536.06311,374440.0,36.849
MDV,YR2012,3468871018.2716,387539.0,37.267
MDV,YR2013,3721442083.348,400728.0,37.685
MDV,YR2014,3994209877.43517,416738.0,38.106
MDV,YR2015,4109424799.72407,435582.0,38.529
MDV,YR2016,4369892497.95193,454252.0,38.954
MDV,YR2017,4684957819.54571,472442.0,39.38
MDV,YR2018,5065522982.52095,489758.0,39.808
MEX,YR1995,677457226352.726,89969572.0,73.368
MEX,YR1996,723343156837.845,91586555.0,73.67
MEX,YR1997,772869394254.07,93183094.0,73.929
MEX,YR1998,812779791419.35,94767284.0,74.186
MEX,YR1999,835160123888.656,96334810.0,74.441
MEX,YR2000,876437526455.268,97873442.0,74.722
MEX,YR2001,872893299631.652,99394288.0,75.045
MEX,YR2002,872545499822.64,100917081.0,75.365
MEX,YR2003,885165846839.51,102429341.0,75.682
MEX,YR2004,919869577686.507,103945813.0,75.997
MEX,YR2005,941098392797.58,105442402.0,76.308
MEX,YR2006,983401498615.029,106886790.0,76.616
MEX,YR2007,1005935610109.39,108302973.0,76.92
MEX,YR2008,1017439334703.69,109684489.0,77.222
MEX,YR2009,963660094723.917,111049428.0,77.52
MEX,YR2010,1012981356870.87,112532401.0,77.815
MEX,YR2011,1050086944297.42,114150481.0,78.111
MEX,YR2012,1088334499223.12,115755909.0,78.405
MEX,YR2013,1103071549191.52,117290686.0,78.699
MEX,YR2014,1134506587182.86,118755887.0,78.993
MEX,YR2015,1171867608197.72,120149897.0,79.285
MEX,YR2016,1202693965604.17,121519221.0,79.577
MEX,YR2017,1228108442202.22,122839258.0,79.867
MEX,YR2018,1255065357728.63,124013861.0,80.156
MKD,YR1995,5747925548.2488,1983964.0,59.587
MKD,YR1996,5816044437.44254,1994226.0,59.38
MKD,YR1997,5899794391.86956,1996869.0,59.172
MKD,YR1998,6099132848.09816,2007523.0,58.965
MKD,YR1999,6363775924.83272,2017142.0,58.757
MKD,YR2000,6653272732.57214,2026350.0,58.548
MKD,YR2001,6449199783.93517,2034882.0,58.339
MKD,YR2002,6545529254.32999,2020157.0,58.13
MKD,YR2003,6691010296.01737,2026773.0,57.921
MKD,YR2004,7003754111.03409,2032544.0,57.711
MKD,YR2005,7334617663.50844,2036855.0,57.532
MKD,YR2006,7711398818.38526,2040228.0,57.383
MKD,YR2007,8210595207.42465,2043559.0,57.264
MKD,YR2008,8659879091.31501,2046898.0,57.175
MKD,YR2009,8628823478.29707,2050671.0,57.117
MKD,YR2010,8918644160.88708,2055004.0,57.089
MKD,YR2011,9127330271.02902,2058539.0,57.092
MKD,YR2012,9085692921.5693,2061044.0,57.125
MKD,YR2013,9351472850.13088,2064032.0,57.189
MKD,YR2014,9690849350.12469,2067471.0,57.284
MKD,YR2015,10064515432.0265,2070226.0,57.408
MKD,YR2016,10351173483.2755,2072490.0,57.563
MKD,YR2017,10463149656.0944,2074502.0,57.748
MKD,YR2018,10764550800.8128,2076217.0,57.963
MLT,YR1995,4659151336.95773,377419.0,90.946
MLT,YR1996,4835143126.59492,379905.0,91.181
MLT,YR1997,5089325640.74115,382791.0,91.492
MLT,YR1998,5350184178.40896,385287.0,91.793
MLT,YR1999,5602711527.79319,387578.0,92.085
MLT,YR2000,6705425496.50505,390087.0,92.368
MLT,YR2001,6626650393.87551,393028.0,92.641
MLT,YR2002,6796627094.19727,395969.0,92.905
MLT,YR2003,7073560412.73716,398582.0,93.16
MLT,YR2004,7083435038.27804,401268.0,93.407
MLT,YR2005,7323088871.62987,403834.0,93.645
MLT,YR2006,7506934428.04837,405308.0,93.784
MLT,YR2007,7865416620.43715,406724.0,93.857
MLT,YR2008,8166315322.31222,409379.0,93.929
MLT,YR2009,8073782314.43471,412477.0,94.001
MLT,YR2010,8521358038.38899,414508.0,94.072
MLT,YR2011,8561078442.25008,416268.0,94.141
MLT,YR2012,8913680239.65383,420028.0,94.211
MLT,YR2013,9401531121.71308,425967.0,94.279
MLT,YR2014,10119161211.5833,434558.0,94.347
MLT,YR2015,11091423499.3898,445053.0,94.414
MLT,YR2016,11466437368.2459,455356.0,94.48
MLT,YR2017,12719183401.753,467999.0,94.546
MLT,YR2018,13503827804.2827,484630.0,94.612
MUS,YR1995,5121487229.47331,1122457.0,43.284
MUS,YR1996,5407667941.18866,1133996.0,43.161
MUS,YR1997,5715227835.60245,1148284.0,43.038
MUS,YR1998,6062253049.86725,1160421.0,42.916
MUS,YR1999,6220534373.98911,1175267.0,42.793
MUS,YR2000,6730791856.50818,1186873.0,42.67
MUS,YR2001,6956107854.05915,1196287.0,42.559
MUS,YR2002,7068443336.73416,1204621.0,42.447
MUS,YR2003,7487280093.54822,1213370.0,42.335
MUS,YR2004,7811480809.47373,1221003.0,42.223
MUS,YR2005,7950333242.68403,1228254.0,42.112
MUS,YR2006,8337160251.7456,1233996.0,42.0
MUS,YR2007,8814630766.63288,1239630.0,41.889
MUS,YR2008,9289471624.25339,1244121.0,41.777
MUS,YR2009,9597424761.29619,1247429.0,41.666
MUS,YR2010,10017523547.3152,1250400.0,41.555
MUS,YR2011,10425991883.2378,1252404.0,41.444
MUS,YR2012,10790496900.1707,1255882.0,41.332
MUS,YR2013,11153101416.1964,1258653.0,41.222
MUS,YR2014,11579927241.3987,1260934.0,41.111
MUS,YR2015,12007291045.6489,1262605.0,41.0
MUS,YR2016,12471068851.5812,1263473.0,40.91
MUS,YR2017,12962177523.4319,1264613.0,40.841
MUS,YR2018,13481538349.276,1265303.0,40.793
MWI,YR1995,2709229618.56287,10112816.0,13.263
MWI,YR1996,2907455321.17245,10310528.0,13.629
MWI,YR1997,3017718212.04157,10512678.0,14.002
MWI,YR1998,3135265990.23819,10732456.0,14.384
MWI,YR1999,3230649500.59007,10973956.0,14.522
MWI,YR2000,3281567051.37355,11229387.0,14.61
MWI,YR2001,3118310276.92115,11498818.0,14.698
MWI,YR2002,3171321552.08924,11784498.0,14.786
MWI,YR2003,3352265725.2217,12087965.0,14.875
MWI,YR2004,3533975211.60103,12411342.0,14.964
MWI,YR2005,3649491172.00402,12755648.0,15.054
MWI,YR2006,3821017256.82851,13118307.0,15.144
MWI,YR2007,4187834913.6829,13495463.0,15.235
MWI,YR2008,4507774477.6487,13889423.0,15.326
MWI,YR2009,4883186907.10679,14298932.0,15.429
MWI,YR2010,5218860380.08166,14718422.0,15.544
MWI,YR2011,5472186739.10595,15146094.0,15.672
MWI,YR2012,5575381209.68234,15581251.0,15.812
MWI,YR2013,5865301032.34079,16024775.0,15.966
MWI,YR2014,6199623191.48084,16477966.0,16.132
MWI,YR2015,6373212640.84604,16938942.0,16.313
MWI,YR2016,6531525832.02123,17405624.0,16.506
MWI,YR2017,6792788858.48405,17881167.0,16.714
MWI,YR2018,7091106971.7608,18367883.0,16.937
MYS,YR1995,117334846726.431,20136888.0,55.688
MYS,YR1996,129071500245.07,20689051.0,56.969
MYS,YR1997,138523073010.402,21249178.0,58.237
MYS,YR1998,128328584936.147,21810542.0,59.496
MYS,YR1999,136204895578.191,22368655.0,60.742
MYS,YR2000,148271107718.132,22945150.0,61.977
MYS,YR2001,149038670648.283,23542517.0,62.922
MYS,YR2002,157073327955.733,24142445.0,63.856
MYS,YR2003,166165516422.77,24739411.0,64.78
MYS,YR2004,177437250747.578,25333247.0,65.694
MYS,YR2005,186898451881.628,25923536.0,66.594
MYS,YR2006,197336444590.09,26509413.0,67.483
MYS,YR2007,209766244791.581,27092604.0,68.36
MYS,YR2008,219901667044.982,27664296.0,69.225
MYS,YR2009,216573392167.321,28217204.0,70.075
MYS,YR2010,232653636008.496,28717731.0,70.912
MYS,YR2011,244970116704.243,29184133.0,71.609
MYS,YR2012,258378443827.458,29660212.0,72.275
MYS,YR2013,270506011046.628,30134807.0,72.93
MYS,YR2014,286754554976.284,30606459.0,73.577
MYS,YR2015,301354756113.174,31068833.0,74.213
MYS,YR2016,314764383991.527,31526418.0,74.84
MYS,YR2017,333060763877.976,31975806.0,75.447
MYS,YR2018,349191186356.678,32399271.0,76.036
NER,YR1995,4104613417.83324,9813918.0,15.773
NER,YR1996,4108739806.40099,10149937.0,15.855
NER,YR1997,4171499808.95168,10494201.0,15.937
NER,YR1998,4587507422.80642,10854920.0,16.02
NER,YR1999,4577434975.99929,11231469.0,16.103
NER,YR2000,4522117693.20533,11622665.0,16.186
NER,YR2001,4850791307.58069,12031430.0,16.26
NER,YR2002,5089376050.7446,12456517.0,16.255
NER,YR2003,5199846575.76973,12900790.0,16.251
NER,YR2004,5218763699.70351,13366885.0,16.247
NER,YR2005,5601396609.37021,13855221.0,16.242
NER,YR2006,5933618241.48609,14365168.0,16.238
NER,YR2007,6120095491.00601,14897873.0,16.234
NER,YR2008,6593265424.55097,15455175.0,16.229
NER,YR2009,6722664911.57059,16037915.0,16.225
NER,YR2010,7299346317.2329,16647543.0,16.221
NER,YR2011,7471447161.31294,17283112.0,16.216
NER,YR2012,8259605981.41072,17954407.0,16.212
NER,YR2013,8698614829.17202,18653199.0,16.208
NER,YR2014,9276388713.2139,19372014.0,16.219
NER,YR2015,9683867893.68343,20128124.0,16.247
NER,YR2016,10239808402.3033,20921743.0,16.29
NER,YR2017,10751938078.1876,21737922.0,16.35
NER,YR2018,11527239152.5743,22577058.0,16.425
NIC,YR1995,5732885765.5761,4721929.0,54.437
NIC,YR1996,6096595424.77237,4812391.0,54.587
NIC,YR1997,6338426086.7278,4895962.0,54.737
NIC,YR1998,6573688272.98537,4974552.0,54.886
NIC,YR1999,7036211038.56179,5049878.0,55.036
NIC,YR2000,7324807583.50255,5123222.0,55.185
NIC,YR2001,7541683667.39683,5192764.0,55.335
NIC,YR2002,7598543351.07703,5259006.0,55.484
NIC,YR2003,7790082332.66837,5323062.0,55.633
NIC,YR2004,8203904797.00699,5386223.0,55.782
NIC,YR2005,8555228681.76363,5454678.0,55.935
NIC,YR2006,8910544402.23455,5529811.0,56.132
NIC,YR2007,9362906161.43985,5607453.0,56.328
NIC,YR2008,9684650618.38498,5687744.0,56.525
NIC,YR2009,9365755448.17113,5770639.0,56.721
NIC,YR2010,9778752061.74693,5855734.0,56.917
NIC,YR2011,10396522413.8259,5942553.0,57.113
NIC,YR2012,11071803369.1389,6030607.0,57.309
NIC,YR2013,11617366796.9489,6119379.0,57.505
NIC,YR2014,12173352615.697,6208676.0,57.7
NIC,YR2015,12756706583.3113,6298598.0,57.895
NIC,YR2016,13338860851.2493,6389235.0,58.09
NIC,YR2017,13956556222.0985,6480532.0,58.299
NIC,YR2018,13487098742.5056,6572233.0,58.522
NLD,YR1995,520918165020.581,15459006.0,72.809
NLD,YR1996,539143748273.904,15530498.0,73.64
NLD,YR1997,562483569063.842,15610650.0,74.453
NLD,YR1998,588717336764.449,15707209.0,75.25
NLD,YR1999,618353650975.274,15812088.0,76.03
NLD,YR2000,644297559542.718,15925513.0,76.795
NLD,YR2001,659290074379.866,16046180.0,77.83
NLD,YR2002,660722537625.617,16148929.0,79.113
NLD,YR2003,661750925152.705,16225302.0,80.341
NLD,YR2004,674886321780.345,16281779.0,81.514
NLD,YR2005,688727404110.835,16319868.0,82.63
NLD,YR2006,712564183491.074,16346101.0,83.636
NLD,YR2007,739448107993.38,16381696.0,84.539
NLD,YR2008,755496534043.895,16445593.0,85.402
NLD,YR2009,727793352989.741,16530388.0,86.288
NLD,YR2010,737565720627.788,16615394.0,87.134
NLD,YR2011,749006761258.435,16693074.0,87.879
NLD,YR2012,741289340197.321,16754962.0,88.588
NLD,YR2013,740324364660.471,16804432.0,89.187
NLD,YR2014,750862107575.857,16865008.0,89.69
NLD,YR2015,765572770634.375,16939923.0,90.173
NLD,YR2016,782351934079.297,17030314.0,90.635
NLD,YR2017,805125436190.089,17131296.0,91.077
NLD,YR2018,824133764145.055,17231624.0,91.49
NOR,YR1995,253493520719.231,4359184.0,73.787
NOR,YR1996,266239041025.111,4381336.0,74.062
NOR,YR1997,280308690709.931,4405157.0,74.476
NOR,YR1998,287665185491.371,4431464.0,75.027
NOR,YR1999,293455492404.671,4461913.0,75.569
NOR,YR2000,302860679962.798,4490967.0,76.02
NOR,YR2001,309144404257.518,4513751.0,76.378
NOR,YR2002,313615418001.447,4538159.0,76.733
NOR,YR2003,316469649684.82,4564855.0,77.084
NOR,YR2004,329031642037.821,4591910.0,77.399
NOR,YR2005,337670104371.189,4623291.0,77.675
NOR,YR2006,345773607522.992,4660677.0,77.95
NOR,YR2007,356127064172.781,4709153.0,78.234
NOR,YR2008,357823457683.166,4768212.0,78.526
NOR,YR2009,351643773896.869,4828726.0,78.815
NOR,YR2010,354111728841.583,4889252.0,79.102
NOR,YR2011,357587103441.149,4953088.0,79.455
NOR,YR2012,367253074299.886,5018573.0,79.874
NOR,YR2013,371050738865.351,5079623.0,80.286
NOR,YR2014,378358747545.727,5137232.0,80.692
NOR,YR2015,385801550067.169,5188607.0,81.091
NOR,YR2016,389935641211.119,5234519.0,81.485
NOR,YR2017,398994977782.37,5276968.0,81.871
NOR,YR2018,403459047225.38,5311916.0,82.248
NZL,YR1995,102943327463.868,3673400.0,85.553
NZL,YR1996,106665233354.835,3732000.0,85.7
NZL,YR1997,108851696856.64,3781300.0,85.781
NZL,YR1998,109719725239.282,3815000.0,85.861
NZL,YR1999,115700690737.286,3835100.0,85.941
NZL,YR2000,119061958541.816,3857700.0,86.021
NZL,YR2001,123186654579.055,3880500.0,86.1
NZL,YR2002,128945148974.006,3948500.0,86.161
NZL,YR2003,134812146655.276,4027200.0,86.221
NZL,YR2004,140242788054.185,4087500.0,86.281
NZL,YR2005,144899853902.613,4133900.0,86.341
NZL,YR2006,149074508969.822,4184600.0,86.4
NZL,YR2007,153588724350.146,4223800.0,86.34
NZL,YR2008,151881550236.231,4259800.0,86.28
NZL,YR2009,151676251678.028,4302600.0,86.22
NZL,YR2010,153987612057.393,4350700.0,86.16
NZL,YR2011,157455041405.882,4384000.0,86.1
NZL,YR2012,160990384072.247,4408100.0,86.161
NZL,YR2013,165329745637.128,4442100.0,86.221
NZL,YR2014,171637782388.117,4516500.0,86.281
NZL,YR2015,178064471137.921,4609400.0,86.341
NZL,YR2016,184772956990.185,4714100.0,86.4
NZL,YR2017,191384647570.564,4813600.0,86.466
NZL,YR2018,197813678062.728,4900600.0,86.538
OMN,YR1995,39015009844.3554,2172672.0,71.669
OMN,YR1996,40203383600.0114,2209958.0,71.649
OMN,YR1997,42629059777.7952,2245588.0,71.629
OMN,YR1998,43755463636.9978,2279727.0,71.609
OMN,YR1999,43900511060.4159,2312600.0,71.589
OMN,YR2000,46776462902.8779,2344253.0,71.569
OMN,YR2001,48873359366.0021,2374653.0,71.549
OMN,YR2002,48335309965.9171,2403659.0,71.529
OMN,YR2003,47045438181.7131,2431600.0,71.509
OMN,YR2004,47653362006.4213,2468855.0,71.827
OMN,YR2005,48840036102.2959,2515192.0,72.4
OMN,YR2006,51463668567.7806,2560649.0,72.967
OMN,YR2007,53755182880.2404,2605700.0,73.527
OMN,YR2008,58163149890.1763,2651028.0,74.08
OMN,YR2009,61718311709.4999,2697537.0,74.624
OMN,YR2010,62776154506.6944,2881914.0,75.161
OMN,YR2011,64593279186.5623,3206870.0,76.183
OMN,YR2012,70318260489.7491,3535579.0,77.564
OMN,YR2013,73994291063.383,3816680.0,78.882
OMN,YR2014,74950483987.1606,4009267.0,80.145
OMN,YR2015,78710793237.9714,4191776.0,81.35
OMN,YR2016,82682873555.7961,4398070.0,82.5
OMN,YR2017,82934277088.5646,4541854.0,83.56
OMN,YR2018,84001727416.2074,4601157.0,84.539
PAN,YR1995,16601885608.6963,2716067.0,58.141
PAN,YR1996,17279193268.0953,2771606.0,58.978
PAN,YR1997,18395600293.261,2827992.0,59.807
PAN,YR1998,19746113418.0909,2885177.0,60.632
PAN,YR1999,20519609473.9221,2943120.0,61.451
PAN,YR2000,21076793646.2487,3001731.0,62.198
PAN,YR2001,21197831937.2973,3061024.0,62.497
PAN,YR2002,21670363284.2673,3120990.0,62.794
PAN,YR2003,22581709533.414,3181608.0,63.091
PAN,YR2004,24280323712.6208,3243311.0,63.387
PAN,YR2005,26026389630.5869,3305868.0,63.682
PAN,YR2006,28278314043.0455,3368573.0,63.976
PAN,YR2007,31667183067.8561,3431614.0,64.268
PAN,YR2008,34788191332.2434,3495276.0,64.56
PAN,YR2009,35220605877.9923,3559343.0,64.851
PAN,YR2010,37273260497.2097,3623617.0,65.14
PAN,YR2011,41490217754.2137,3688674.0,65.437
PAN,YR2012,45547334577.9132,3754862.0,65.741
PAN,YR2013,48691898895.9875,3821556.0,66.052
PAN,YR2014,51158836146.5126,3888793.0,66.371
PAN,YR2015,54091800000.0,3957099.0,66.696
PAN,YR2016,56771081216.393,4026336.0,67.027
PAN,YR2017,59945236885.4532,4096063.0,67.365
PAN,YR2018,62154476591.9662,4165255.0,67.709
PER,YR1995,76918772627.4153,24449055.0,70.951
PER,YR1996,79071708366.0509,24907304.0,71.377
PER,YR1997,84193044083.4447,25365386.0,71.798
PER,YR1998,83863396696.4583,25818226.0,72.216
PER,YR1999,85117079539.329,26252239.0,72.631
PER,YR2000,87410449785.3084,26654439.0,73.042
PER,YR2001,87950552246.3255,27014909.0,73.448
PER,YR2002,92746961064.3748,27334503.0,73.85
PER,YR2003,96609893451.2561,27623341.0,74.249
PER,YR2004,101400008285.783,27893911.0,74.644
PER,YR2005,107773059976.197,28147267.0,75.034
PER,YR2006,115887184858.498,28381078.0,75.421
PER,YR2007,125758904639.434,28600387.0,75.803
PER,YR2008,137236376966.525,28806185.0,76.052
PER,YR2009,138740245654.411,29009326.0,76.241
PER,YR2010,150300719889.204,29229572.0,76.43
PER,YR2011,159810535617.601,29477721.0,76.617
PER,YR2012,169622462555.073,29749589.0,76.804
PER,YR2013,179549648065.8,30038809.0,76.989
PER,YR2014,183826803243.25,30353951.0,77.173
PER,YR2015,189805300841.603,30711863.0,77.357
PER,YR2016,197308909322.23,31132779.0,77.539
PER,YR2017,202278796061.116,31605486.0,77.72
PER,YR2018,210307952165.865,32203944.0,77.907
POL,YR1995,217229871335.721,38594998.0,61.493
POL,YR1996,230514657116.328,38624370.0,61.538
POL,YR1997,245380554450.192,38649660.0,61.583
POL,YR1998,256767475792.546,38663481.0,61.627
POL,YR1999,268719724101.34,38660271.0,61.672
POL,YR2000,280975991510.811,38258629.0,61.716
POL,YR2001,284512269531.768,38248076.0,61.761
POL,YR2002,290304549675.023,38230364.0,61.787
POL,YR2003,300460538532.962,38204570.0,61.676
POL,YR2004,315432020161.825,38182222.0,61.564
POL,YR2005,326493699429.633,38165445.0,61.452
POL,YR2006,346511473670.248,38141267.0,61.341
POL,YR2007,370980501392.758,38120560.0,61.229
POL,YR2008,386561612946.014,38125759.0,61.116
POL,YR2009,397509749303.621,38151603.0,61.004
POL,YR2010,409175222178.008,38042794.0,60.892
POL,YR2011,429806605650.617,38063255.0,60.78
POL,YR2012,436448070035.814,38063164.0,60.654
POL,YR2013,440186496882.876,38040196.0,60.529
POL,YR2014,457076270062.343,38011735.0,60.403
POL,YR2015,477111287969.227,37986412.0,60.278
POL,YR2016,491202812044.038,37970087.0,60.178
POL,YR2017,516450722907.547,37974826.0,60.105
POL,YR2018,547154795065.659,37974750.0,60.058
PRT,YR1995,158303123479.596,10026176.0,51.109
PRT,YR1996,163850456044.527,10063945.0,51.77
PRT,YR1997,171061297929.066,10108977.0,52.428
PRT,YR1998,179285861799.304,10160196.0,53.086
PRT,YR1999,186289802829.511,10217828.0,53.743
PRT,YR2000,193398953419.572,10289898.0,54.399
PRT,YR2001,197157995297.652,10362722.0,55.044
PRT,YR2002,198677933649.212,10419631.0,55.666
PRT,YR2003,196829193371.541,10458821.0,56.287
PRT,YR2004,200349947385.126,10483861.0,56.907
PRT,YR2005,201916379874.368,10503330.0,57.522
PRT,YR2006,205197590054.868,10522288.0,58.137
PRT,YR2007,210341031080.276,10542964.0,58.749
PRT,YR2008,211012540457.556,10558177.0,59.359
PRT,YR2009,204424561357.608,10568247.0,59.964
PRT,YR2010,207976694614.767,10573100.0,60.567
PRT,YR2011,204449067168.824,10557560.0,61.167
PRT,YR2012,196153968235.59,10514844.0,61.763
PRT,YR2013,194344164093.789,10457295.0,62.352
PRT,YR2014,195883739714.001,10401062.0,62.936
PRT,YR2015,199394066525.44,10358076.0,63.514
PRT,YR2016,203420800578.641,10325452.0,64.086
PRT,YR2017,210553436228.057,10300300.0,64.652
PRT,YR2018,216552789892.193,10283822.0,65.211
PRY,YR1995,20358106834.2346,4603917.0,52.131
PRY,YR1996,20678499692.6975,4711655.0,52.774
PRY,YR1997,21555788371.9567,4818289.0,53.414
PRY,YR1998,21570454446.6117,4923449.0,54.054
PRY,YR1999,21275784844.5439,5026031.0,54.693
PRY,YR2000,20783433276.2554,5123819.0,55.331
PRY,YR2001,20610088070.713,5211541.0,55.966
PRY,YR2002,20605676606.0528,5286512.0,56.6
PRY,YR2003,21495995447.7688,5353254.0,56.977
PRY,YR2004,22368177914.5133,5416324.0,57.305
PRY,YR2005,22845400902.1597,5476878.0,57.633
PRY,YR2006,23943606096.665,5534675.0,57.96
PRY,YR2007,25241738121.227,5590145.0,58.286
PRY,YR2008,26881515165.6739,5645148.0,58.612
PRY,YR2009,26811317495.2227,5702574.0,58.937
PRY,YR2010,29786095177.4635,5768613.0,59.261
PRY,YR2011,31062837784.8467,5843939.0,59.584
PRY,YR2012,30842899501.4209,5923322.0,59.907
PRY,YR2013,33400724748.6239,6005652.0,60.197
PRY,YR2014,35171376859.1294,6090721.0,60.474
PRY,YR2015,36211447840.0971,6177950.0,60.75
PRY,YR2016,37756961788.4686,6266615.0,61.026
PRY,YR2017,39573101423.9502,6355404.0,61.3
PRY,YR2018,40841122661.179,6443328.0,61.585
SGP,YR1995,107076083794.006,3524506.0,100.0
SGP,YR1996,115076156531.859,3670704.0,100.0
SGP,YR1997,124646130346.232,3796038.0,100.0
SGP,YR1998,121915114925.807,3927213.0,100.0
SGP,YR1999,128886674425.371,3958723.0,100.0
SGP,YR2000,140535859761.42,4027887.0,100.0
SGP,YR2001,139030913587.431,4138012.0,100.0
SGP,YR2002,144485597905.15,4175950.0,100.0
SGP,YR2003,151057171952.284,4114826.0,100.0
SGP,YR2004,166072228687.809,4166664.0,100.0
SGP,YR2005,178305644457.376,4265762.0,100.0
SGP,YR2006,194365216758.801,4401365.0,100.0
SGP,YR2007,211899912714.577,4588599.0,100.0
SGP,YR2008,215848632528.368,4839396.0,100.0
SGP,YR2009,216124818155.368,4987573.0,100.0
SGP,YR2010,247505600814.664,5076732.0,100.0
SGP,YR2011,262887910968.868,5183688.0,100.0
SGP,YR2012,274548297934.245,5312437.0,100.0
SGP,YR2013,287775021821.356,5399162.0,100.0
SGP,YR2014,299100523712.54,5469724.0,100.0
SGP,YR2015,308004146057.608,5535002.0,100.0
SGP,YR2016,318974323537.969,5607283.0,100.0
SGP,YR2017,333843104451.557,5612253.0,100.0
SGP,YR2018,346066118708.176,5638676.0,100.0
SLV,YR1995,15980263641.9948,5748195.0,53.988
SLV,YR1996,16109937392.8617,5797140.0,55.268
SLV,YR1997,16615462406.0071,5842638.0,56.537
SLV,YR1998,17056150543.719,5885083.0,57.8
SLV,YR1999,17424910272.7469,5923852.0,58.357
SLV,YR2000,17621447051.4047,5958482.0,58.912
SLV,YR2001,17776447706.7378,5988095.0,59.464
SLV,YR2002,18056056732.0447,6011275.0,60.014
SLV,YR2003,18338704985.8875,6026849.0,60.561
SLV,YR2004,18501810250.6499,6035655.0,61.107
SLV,YR2005,19002369968.75,6037817.0,61.648
SLV,YR2006,19828659484.375,6034436.0,62.187
SLV,YR2007,20197170875.0,6044131.0,62.774
SLV,YR2008,20627482312.5,6068099.0,63.678
SLV,YR2009,20197170875.0,6091188.0,64.57
SLV,YR2010,20622904531.25,6114034.0,65.452
SLV,YR2011,21407994015.625,6137349.0,66.325
SLV,YR2012,22012261140.625,6161289.0,67.187
SLV,YR2013,22504372625.0,6185642.0,68.036
SLV,YR2014,22888906250.0,6209526.0,68.874
SLV,YR2015,23438240000.0,6231066.0,69.7
SLV,YR2016,24033351562.5,6250510.0,70.501
SLV,YR2017,24573529750.0,6266654.0,71.275
SLV,YR2018,25166352421.875,6276342.0,72.023
SVK,YR1995,40440791791.7082,5361999.0,56.537
SVK,YR1996,43117931007.4457,5373361.0,56.476
SVK,YR1997,45673029352.7789,5383291.0,56.416
SVK,YR1998,47534706550.7551,5390516.0,56.355
SVK,YR1999,47484360184.3172,5396020.0,56.294
SVK,YR2000,48038277837.8844,5388720.0,56.233
SVK,YR2001,49601339626.9648,5378867.0,56.163
SVK,YR2002,51838084329.0781,5376912.0,56.013
SVK,YR2003,54688703651.855,5373374.0,55.863
SVK,YR2004,57575655083.7484,5372280.0,55.713
SVK,YR2005,61389156292.5511,5372807.0,55.563
SVK,YR2006,66603045838.9495,5373054.0,55.412
SVK,YR2007,73817506954.537,5374622.0,55.261
SVK,YR2008,77932749070.0484,5379233.0,55.111
SVK,YR2009,73681102330.2507,5386406.0,54.96
SVK,YR2010,78629991379.8007,5391428.0,54.685
SVK,YR2011,80730554469.7187,5398384.0,54.42
SVK,YR2012,81795230834.9206,5407579.0,54.28
SVK,YR2013,82312781984.4718,5413393.0,54.14
SVK,YR2014,84532913950.0738,5418649.0,54.0
SVK,YR2015,88900883130.8374,5423801.0,53.889
SVK,YR2016,90629072613.9167,5430798.0,53.806
SVK,YR2017,93291817009.4113,5439232.0,53.751
SVK,YR2018,97051840806.3988,5446771.0,53.726
SVN,YR1995,26417686104.9211,1989872.0,50.622
SVN,YR1996,27263846125.3402,1988628.0,50.649
SVN,YR1997,28640614043.0074,1985956.0,50.675
SVN,YR1998,29579844442.7437,1981629.0,50.701
SVN,YR1999,31157238919.3453,1983045.0,50.728
SVN,YR2000,32301448497.0859,1988925.0,50.754
SVN,YR2001,33340444076.9215,1992060.0,50.78
SVN,YR2002,34509226036.6508,1994530.0,50.857
SVN,YR2003,35530788949.9488,1995733.0,51.082
SVN,YR2004,37079644535.9777,1997012.0,51.308
SVN,YR2005,38487919291.2,2000474.0,51.533
SVN,YR2006,40699587892.4722,2006868.0,51.758
SVN,YR2007,43540484553.7887,2018122.0,51.983
SVN,YR2008,45068686557.3586,2021316.0,52.209
SVN,YR2009,41666704789.2015,2039669.0,52.433
SVN,YR2010,42226600498.2234,2048583.0,52.658
SVN,YR2011,42590309918.8992,2052843.0,52.883
SVN,YR2012,41466164772.2726,2057159.0,53.108
SVN,YR2013,41039360682.0457,2059953.0,53.332
SVN,YR2014,42175395368.8082,2061980.0,53.557
SVN,YR2015,43107506024.3254,2063531.0,53.781
SVN,YR2016,44483434040.7344,2065042.0,54.02
SVN,YR2017,46625480708.1199,2066388.0,54.273
SVN,YR2018,48702350150.2586,2073894.0,54.541
SWE,YR1995,305836832131.49,8826939.0,83.824
SWE,YR1996,310667391570.025,8840998.0,83.914
SWE,YR1997,320206516443.849,8846062.0,83.942
SWE,YR1998,334013297425.391,8850974.0,83.97
SWE,YR1999,348199457231.41,8857874.0,83.998
SWE,YR2000,364795858131.684,8872109.0,84.026
SWE,YR2001,370083569053.714,8895960.0,84.071
SWE,YR2002,378214012929.902,8924958.0,84.133
SWE,YR2003,386950040254.662,8958229.0,84.196
SWE,YR2004,403731506887.751,8993531.0,84.258
SWE,YR2005,415273396287.166,9029572.0,84.319
SWE,YR2006,434636654376.703,9080505.0,84.43
SWE,YR2007,449584772840.507,9148092.0,84.588
SWE,YR2008,447559127029.566,9219637.0,84.746
SWE,YR2009,428135998219.291,9298515.0,84.902
SWE,YR2010,453619110971.171,9378126.0,85.056
SWE,YR2011,468113753183.843,9449213.0,85.297
SWE,YR2012,465359818585.788,9519374.0,85.62
SWE,YR2013,470887249502.535,9600379.0,85.936
SWE,YR2014,483402482698.498,9696110.0,86.247
SWE,YR2015,505103781349.757,9799186.0,86.553
SWE,YR2016,515562425649.407,9923085.0,86.852
SWE,YR2017,528801679620.708,10057698.0,87.146
SWE,YR2018,539113433181.757,10175214.0,87.431
SYC,YR1995,688675440.263165,75304.0,49.633
SYC,YR1996,722541225.579924,76417.0,49.758
SYC,YR1997,808968400.064324,77319.0,49.901
SYC,YR1998,876949240.767744,78846.0,50.061
SYC,YR1999,893365787.740011,80410.0,50.238
SYC,YR2000,906894372.862655,81131.0,50.433
SYC,YR2001,886297323.095489,81202.0,50.646
SYC,YR2002,897046613.629009,83723.0,50.876
SYC,YR2003,844236333.3135,82781.0,51.123
SYC,YR2004,820171768.026347,82475.0,51.388
SYC,YR2005,894034486.607757,82858.0,51.67
SYC,YR2006,978128509.304173,84600.0,51.969
SYC,YR2007,1080063545.41299,85033.0,52.285
SYC,YR2008,1056875745.08166,86956.0,52.619
SYC,YR2009,1045194670.11319,87298.0,52.969
SYC,YR2010,1107435615.02422,89770.0,53.336
SYC,YR2011,1194782160.45779,87441.0,53.72
SYC,YR2012,1209846319.53895,88303.0,54.12
SYC,YR2013,1282655801.59553,89949.0,54.537
SYC,YR2014,1340436690.19292,91359.0,54.969
SYC,YR2015,1416001321.92671,93419.0,55.4
SYC,YR2016,1491800885.32068,94677.0,55.831
SYC,YR2017,1559097438.30394,95843.0,56.261
SYC,YR2018,1608971156.22993,96762.0,56.691
THA,YR1995,213636222058.82,59424834.0,30.276
THA,YR1996,225710822686.697,60211096.0,30.449
THA,YR1997,219495705555.247,60989108.0,30.622
THA,YR1998,202739325941.902,61745217.0,30.795
THA,YR1999,212009191856.584,62442651.0,30.969
THA,YR2000,221454725108.405,63066603.0,31.386
THA,YR2001,229082177284.849,63649892.0,32.548
THA,YR2002,243168522955.031,64222580.0,33.734
THA,YR2003,260650499707.576,64776956.0,34.941
THA,YR2004,277043701431.254,65311166.0,36.169
THA,YR2005,288645289937.08,65821360.0,37.411
THA,YR2006,302984642091.15,66319525.0,38.673
THA,YR2007,319452316987.747,66826754.0,39.95
THA,YR2008,324965101944.033,67328239.0,41.242
THA,YR2009,322720833701.393,67813654.0,42.543
THA,YR2010,346968110267.494,68270489.0,43.856
THA,YR2011,349883100679.815,68712846.0,44.698
THA,YR2012,375224420609.029,69157023.0,45.445
THA,YR2013,385308560264.96,69578602.0,46.193
THA,YR2014,389101803069.629,69960943.0,46.943
THA,YR2015,401296437424.995,70294397.0,47.694
THA,YR2016,415081602962.932,70607037.0,48.448
THA,YR2017,432422388357.651,70898202.0,49.2
THA,YR2018,450683024911.935,71127802.0,49.949
TTO,YR1995,9230266597.38812,1307822.0,55.04
TTO,YR1996,9888797887.72054,1313434.0,55.224
TTO,YR1997,10632717777.0999,1318171.0,55.406
TTO,YR1998,11496579737.4725,1322572.0,55.589
TTO,YR1999,12419159296.6443,1327063.0,55.771
TTO,YR2000,13276250137.8511,1332203.0,55.905
TTO,YR2001,13829673808.7384,1338567.0,55.718
TTO,YR2002,14927294869.6182,1345964.0,55.53
TTO,YR2003,17082943960.1915,1353548.0,55.343
TTO,YR2004,18441046804.5707,1361172.0,55.155
TTO,YR2005,19586039945.0037,1369075.0,54.967
TTO,YR2006,22172975579.3725,1376919.0,54.779
TTO,YR2007,23227125335.3512,1384861.0,54.59
TTO,YR2008,24014928357.521,1392803.0,54.402
TTO,YR2009,22960257725.0869,1401191.0,54.213
TTO,YR2010,23723278683.3495,1410296.0,54.025
TTO,YR2011,23653448166.5753,1420020.0,53.836
TTO,YR2012,25216969410.255,1430377.0,53.671
TTO,YR2013,26186259614.1727,1440729.0,53.53
TTO,YR2014,27056414463.7353,1450661.0,53.413
TTO,YR2015,26851970253.811,1460177.0,53.319
TTO,YR2016,25035585054.4578,1469330.0,53.25
TTO,YR2017,23857160341.5313,1478607.0,53.205
TTO,YR2018,23649372146.0016,1504709.0,53.184
TUN,YR1995,21278207462.4655,9294102.0,61.474
TUN,YR1996,22798765396.2342,9430550.0,61.87
TUN,YR1997,24039233340.3858,9557948.0,62.262
TUN,YR1998,25189213164.9838,9677148.0,62.653
TUN,YR1999,26714327950.2551,9788067.0,63.043
TUN,YR2000,27972565560.8171,9893316.0,63.432
TUN,YR2001,29034480140.3438,9995123.0,63.818
TUN,YR2002,29418477732.9086,10094561.0,64.202
TUN,YR2003,30801852092.3932,10193798.0,64.585
TUN,YR2004,32722591127.4445,10292225.0,64.95
TUN,YR2005,33863479169.9669,10388344.0,65.237
TUN,YR2006,35639313824.3874,10483558.0,65.524
TUN,YR2007,38030541060.6152,10580395.0,65.809
TUN,YR2008,39642192284.535,10680380.0,66.093
TUN,YR2009,40848682634.6622,10784504.0,66.376
TUN,YR2010,42062351222.6359,10895063.0,66.657
TUN,YR2011,41201488885.3295,11032528.0,66.938
TUN,YR2012,42938822638.3433,11174383.0,67.218
TUN,YR2013,43982206385.4088,11300284.0,67.495
TUN,YR2014,45341400837.8608,11428948.0,67.772
TUN,YR2015,45780077487.7651,11557779.0,68.056
TUN,YR2016,46291905707.6011,11685667.0,68.346
TUN,YR2017,47330855819.1807,11811443.0,68.642
TUN,YR2018,48556898517.0947,11933041.0,68.945
TUR,YR1995,338183475098.096,59305490.0,62.123
TUR,YR1996,363140280866.026,60293786.0,62.653
TUR,YR1997,390657829906.207,61277426.0,63.179
TUR,YR1998,400049831127.377,62242204.0,63.703
TUR,YR1999,386995531429.888,63185615.0,64.223
TUR,YR2000,413826859269.854,64113547.0,64.741
TUR,YR2001,390031787736.966,65072018.0,65.34
TUR,YR2002,415179953304.473,65988663.0,65.974
TUR,YR2003,439107629560.404,66867327.0,66.602
TUR,YR2004,482122333632.277,67785075.0,67.225
TUR,YR2005,525476244038.33,68704715.0,67.84
TUR,YR2006,561986270867.401,69601333.0,68.45
TUR,YR2007,590330093012.939,70468869.0,69.053
TUR,YR2008,595141428332.854,71320726.0,69.651
TUR,YR2009,566436841006.172,72225639.0,70.241
TUR,YR2010,614171064520.319,73195345.0,70.825
TUR,YR2011,682958902917.534,74173854.0,71.402
TUR,YR2012,715662340203.413,75277439.0,71.974
TUR,YR2013,776392136706.161,76576117.0,72.531
TUR,YR2014,814743696794.687,78112073.0,73.077
TUR,YR2015,864316670330.882,79646178.0,73.611
TUR,YR2016,893038641113.713,81019394.0,74.134
TUR,YR2017,960034377547.426,82089826.0,74.644
TUR,YR2018,988642300436.943,82809304.0,75.143
TZA,YR1995,15015530826.3323,30560071.0,20.543
TZA,YR1996,15697891624.3294,31140733.0,20.888
TZA,YR1997,16251285974.264,31785846.0,21.237
TZA,YR1998,16853966799.1312,32626498.0,21.59
TZA,YR1999,17673720781.5827,33499772.0,21.947
TZA,YR2000,18472711635.0886,34463704.0,22.309
TZA,YR2001,19594154544.1382,35414469.0,22.674
TZA,YR2002,20984006131.3295,36353531.0,23.044
TZA,YR2003,22384224758.1951,37333918.0,23.611
TZA,YR2004,24063895497.2346,38360879.0,24.223
TZA,YR2005,25862989150.4768,39439505.0,24.845
TZA,YR2006,27552416859.9356,40562052.0,25.478
TZA,YR2007,29417311894.0489,41716497.0,26.121
TZA,YR2008,31090102877.2815,42870884.0,26.776
TZA,YR2009,32728273119.5716,43957933.0,27.439
TZA,YR2010,34802107813.2012,45110527.0,28.114
TZA,YR2011,37472179619.2842,46416031.0,28.798
TZA,YR2012,39158485244.364,47786137.0,29.493
TZA,YR2013,41814051441.1297,49253643.0,30.196
TZA,YR2014,44629166510.0055,50814552.0,30.904
TZA,YR2015,47378603783.6471,52542823.0,31.617
TZA,YR2016,50632147557.7237,54401802.0,32.333
TZA,YR2017,54067883125.8656,56267032.0,33.053
TZA,YR2018,57011861844.5483,58090443.0,33.776
UGA,YR1995,9118233776.98165,20680831.0,12.846
UGA,YR1996,9945450393.05649,21249572.0,13.216
UGA,YR1997,10452668548.4275,21876935.0,13.594
UGA,YR1998,10965399690.9137,22537658.0,13.982
UGA,YR1999,11848547321.2865,23279247.0,14.379
UGA,YR2000,12220817699.0799,24020697.0,14.786
UGA,YR2001,12854303475.4603,24763325.0,15.201
UGA,YR2002,13976829405.1074,25545090.0,15.626
UGA,YR2003,14881585726.5672,26354736.0,16.061
UGA,YR2004,15894609992.3065,27146084.0,16.507
UGA,YR2005,16901146520.0383,27946588.0,16.96
UGA,YR2006,18723891970.578,28773227.0,17.425
UGA,YR2007,20299025520.4542,29629804.0,17.899
UGA,YR2008,22066817291.4184,30509862.0,18.384
UGA,YR2009,23567695697.6434,31412520.0,18.878
UGA,YR2010,24896350853.1145,32341728.0,19.383
UGA,YR2011,27234530355.5205,33295738.0,19.898
UGA,YR2012,28279643367.3932,34273295.0,20.424
UGA,YR2013,29294007543.0042,35273570.0,20.958
UGA,YR2014,30789849595.7784,36336539.0,21.504
UGA,YR2015,32387183844.6699,37477356.0,22.06
UGA,YR2016,33935615198.6803,38748299.0,22.624
UGA,YR2017,34998276925.5374,40127085.0,23.196
UGA,YR2018,37204541627.5461,41515395.0,23.774
URY,YR1995,29059796814.191,3208300.0,90.542
URY,YR1996,30680740006.7497,3226633.0,90.835
URY,YR1997,33303232466.2847,3245069.0,91.147
URY,YR1998,34808168940.1149,3262683.0,91.45
URY,YR1999,34133164697.5803,3278963.0,91.743
URY,YR2000,33474418294.4582,3292224.0,92.028
URY,YR2001,32187618155.4394,3300939.0,92.303
URY,YR2002,29698869200.2434,3306441.0,92.569
URY,YR2003,29938029416.9209,3310202.0,92.828
URY,YR2004,31436176409.8546,3313801.0,93.078
URY,YR2005,33781356709.0888,3317665.0,93.319
URY,YR2006,35165911748.4727,3322282.0,93.553
URY,YR2007,37466293678.0781,3328651.0,93.779
URY,YR2008,40154929114.1067,3336126.0,93.998
URY,YR2009,41858901192.1605,3344156.0,94.209
URY,YR2010,45125322733.7231,3352651.0,94.414
URY,YR2011,47454751923.1645,3361637.0,94.612
URY,YR2012,49133785850.974,3371133.0,94.739
URY,YR2013,51412384155.7392,3381180.0,94.843
URY,YR2014,53077523938.4551,3391662.0,94.945
URY,YR2015,53274304222.136,3402818.0,95.045
URY,YR2016,54174532436.9212,3413766.0,95.144
URY,YR2017,55056360541.1392,3422200.0,95.24
URY,YR2018,55319478843.3587,3427042.0,95.334
USA,YR1995,11135927079000.0,266278000.0,77.257
USA,YR1996,11556037222000.0,269394000.0,77.636
USA,YR1997,12069954414000.0,272657000.0,78.008
USA,YR1998,12610856679000.0,275854000.0,78.377
USA,YR1999,13215484082000.0,279040000.0,78.742
USA,YR2000,13754300444000.0,282162411.0,79.057
USA,YR2001,13885563060000.0,284968955.0,79.234
USA,YR2002,14121054284000.0,287625193.0,79.409
USA,YR2003,14515908489000.0,290107933.0,79.583
USA,YR2004,15075141499000.0,292805298.0,79.757
USA,YR2005,15600241891000.0,295516599.0,79.928
USA,YR2006,16034367080000.0,298379912.0,80.099
USA,YR2007,16356739241000.0,301231207.0,80.269
USA,YR2008,16376725286000.0,304093966.0,80.438
USA,YR2009,15950948713000.0,306771529.0,80.606
USA,YR2010,16383037055000.0,309327143.0,80.772
USA,YR2011,16636956919000.0,311583481.0,80.944
USA,YR2012,17016393933000.0,313877662.0,81.119
USA,YR2013,17329814706000.0,316059947.0,81.299
USA,YR2014,17726282036000.0,318386329.0,81.483
USA,YR2015,18206020741000.0,320738994.0,81.671
USA,YR2016,18509601053000.0,323071755.0,81.862
USA,YR2017,18924571726000.0,325122128.0,82.058
USA,YR2018,19481973191000.0,326838199.0,82.256
VCT,YR1995,505122453.710765,114174.0,43.38
VCT,YR1996,511627986.422666,114290.0,43.741
VCT,YR1997,529561319.253769,114276.0,44.1
VCT,YR1998,551221409.502384,114165.0,44.461
VCT,YR1999,566161222.415879,113995.0,44.823
VCT,YR2000,575440785.479038,113813.0,45.186
VCT,YR2001,585500819.794177,113641.0,45.548
VCT,YR2002,616779017.609044,113450.0,45.914
VCT,YR2003,658049778.085588,113108.0,46.283
VCT,YR2004,685126544.437144,112608.0,46.656
VCT,YR2005,702176311.342784,112043.0,47.032
VCT,YR2006,751307070.115909,111427.0,47.412
VCT,YR2007,776272768.132616,110824.0,47.794
VCT,YR2008,779413884.538831,110316.0,48.18
VCT,YR2009,768672052.220914,109840.0,48.569
VCT,YR2010,734308814.600472,109308.0,48.961
VCT,YR2011,729856871.707766,108703.0,49.356
VCT,YR2012,738389717.318946,108083.0,49.754
VCT,YR2013,756572447.236741,107450.0,50.154
VCT,YR2014,765240919.139083,106912.0,50.558
VCT,YR2015,786554592.592593,106482.0,50.964
VCT,YR2016,819193187.171054,105963.0,51.373
VCT,YR2017,832868508.686663,105549.0,51.784
VCT,YR2018,858290512.067805,105281.0,52.198
ZMB,YR1995,6747775256.59298,8684135.0,37.104
ZMB,YR1996,7167388797.89361,8902019.0,36.638
ZMB,YR1997,7440753543.99756,9133156.0,36.176
ZMB,YR1998,7412051123.98383,9372430.0,35.716
ZMB,YR1999,7756725565.34734,9621238.0,35.258
ZMB,YR2000,8059030210.46366,9891136.0,34.802
ZMB,YR2001,8487518230.93072,10191964.0,35.002
ZMB,YR2002,8869967014.46174,10508294.0,35.475
ZMB,YR2003,9485983915.84691,10837973.0,35.951
ZMB,YR2004,10153075785.3691,11188040.0,36.43
ZMB,YR2005,10887711636.03,11564870.0,36.911
ZMB,YR2006,11748243095.7729,11971567.0,37.395
ZMB,YR2007,12729507610.1931,12402073.0,37.881
ZMB,YR2008,13719086269.626,12852966.0,38.371
ZMB,YR2009,14984033821.7868,13318087.0,38.861
ZMB,YR2010,16527123087.7163,13792086.0,39.355
ZMB,YR2011,17446791765.2459,14265814.0,39.851
ZMB,YR2012,18772328031.8579,14744658.0,40.354
ZMB,YR2013,19721688163.3839,15234976.0,40.865
ZMB,YR2014,20648211567.0616,15737793.0,41.382
ZMB,YR2015,21251216798.7762,16248230.0,41.907
ZMB,YR2016,22053807071.9437,16767761.0,42.438
ZMB,YR2017,22826646593.6169,17298054.0,42.976
ZMB,YR2018,23747586257.2512,17835893.0,43.521
